=====================================================
Sovereign Sweep Initiated: Sun May 31 00:00:01 IST 2026
>> Running Google Indexing Protocol...
[32m✅ Authorized with Google Indexing API[0m
🚀 [36mIndexing Pushed:[0m https://krisalaventis.in/ [Status: 200]
🚀 [36mIndexing Pushed:[0m https://krisalaventis.in/krisala-aventis-premium-living-review [Status: 200]
🚀 [36mIndexing Pushed:[0m https://krisalaventis.in/krisala-aventis-special-offer [Status: 200]
🚀 [36mIndexing Pushed:[0m https://krisalaventis.in/krisala-aventis-tathawade-2-bhk-flats [Status: 200]
🚀 [36mIndexing Pushed:[0m https://krisalaventis.in/krisala-aventis-tathawade-3-bhk-luxury-apartments [Status: 200]
🚀 [36mIndexing Pushed:[0m https://krisalaventis.in/krisala-aventis-tathawade-aluform-technology [Status: 200]
🚀 [36mIndexing Pushed:[0m https://krisalaventis.in/krisala-aventis-tathawade-amenities-lifestyle [Status: 200]
🚀 [36mIndexing Pushed:[0m https://krisalaventis.in/krisala-aventis-tathawade-brochure-download [Status: 200]
🚀 [36mIndexing Pushed:[0m https://krisalaventis.in/krisala-aventis-tathawade-competitor-comparison [Status: 200]
🚀 [36mIndexing Pushed:[0m https://krisalaventis.in/krisala-aventis-tathawade-connectivity-it-hubs [Status: 200]
[31m⚠️ Fatal API Error:[0m Quota exceeded for quota metric 'Publish requests' and limit 'Publish requests per day' of service 'indexing.googleapis.com' for consumer 'project_number:757281827'.
>> Running IndexNow Protocol...
✅ IndexNow Protocol Execution SUCCESS.
🚀 Blasted 44 URLs to Bing, Yahoo, DuckDuckGo, and Yandex.
Sovereign Sweep Completed: Sun May 31 00:00:16 IST 2026
=====================================================
=====================================================
Sovereign Sweep Initiated: Mon Jun  1 00:03:13 IST 2026
>> Running Google Indexing Protocol...
[32m✅ Authorized with Google Indexing API[0m
🚀 [36mIndexing Pushed:[0m https://krisalaventis.in/ [Status: 200]
🚀 [36mIndexing Pushed:[0m https://krisalaventis.in/krisala-aventis-premium-living-review [Status: 200]
🚀 [36mIndexing Pushed:[0m https://krisalaventis.in/krisala-aventis-special-offer [Status: 200]
🚀 [36mIndexing Pushed:[0m https://krisalaventis.in/krisala-aventis-tathawade-2-bhk-flats [Status: 200]
🚀 [36mIndexing Pushed:[0m https://krisalaventis.in/krisala-aventis-tathawade-3-bhk-luxury-apartments [Status: 200]
🚀 [36mIndexing Pushed:[0m https://krisalaventis.in/krisala-aventis-tathawade-aluform-technology [Status: 200]
🚀 [36mIndexing Pushed:[0m https://krisalaventis.in/krisala-aventis-tathawade-amenities-lifestyle [Status: 200]
🚀 [36mIndexing Pushed:[0m https://krisalaventis.in/krisala-aventis-tathawade-brochure-download [Status: 200]
🚀 [36mIndexing Pushed:[0m https://krisalaventis.in/krisala-aventis-tathawade-competitor-comparison [Status: 200]
🚀 [36mIndexing Pushed:[0m https://krisalaventis.in/krisala-aventis-tathawade-connectivity-it-hubs [Status: 200]
🚀 [36mIndexing Pushed:[0m https://krisalaventis.in/krisala-aventis-tathawade-construction-status [Status: 200]
🚀 [36mIndexing Pushed:[0m https://krisalaventis.in/krisala-aventis-tathawade-cost-sheet-estimator [Status: 200]
🚀 [36mIndexing Pushed:[0m https://krisalaventis.in/krisala-aventis-tathawade-customer-reviews-testimonials [Status: 200]
[31m⚠️ Fatal API Error:[0m request to https://indexing.googleapis.com/v3/urlNotifications:publish failed, reason: read ECONNRESET
>> Running IndexNow Protocol...
❌ Unexpected Error: [Errno 54] Connection reset by peer
Sovereign Sweep Completed: Mon Jun  1 08:56:41 IST 2026
=====================================================
=====================================================
Sovereign Sweep Initiated: Wed Jun  3 00:00:00 IST 2026
>> Running Google Indexing Protocol...
[32m✅ Authorized with Google Indexing API[0m
🚀 [36mIndexing Pushed:[0m https://krisalaventis.in/ [Status: 200]
🚀 [36mIndexing Pushed:[0m https://krisalaventis.in/krisala-aventis-premium-living-review [Status: 200]
🚀 [36mIndexing Pushed:[0m https://krisalaventis.in/krisala-aventis-special-offer [Status: 200]
🚀 [36mIndexing Pushed:[0m https://krisalaventis.in/krisala-aventis-tathawade-2-bhk-flats [Status: 200]
🚀 [36mIndexing Pushed:[0m https://krisalaventis.in/krisala-aventis-tathawade-3-bhk-luxury-apartments [Status: 200]
🚀 [36mIndexing Pushed:[0m https://krisalaventis.in/krisala-aventis-tathawade-aluform-technology [Status: 200]
🚀 [36mIndexing Pushed:[0m https://krisalaventis.in/krisala-aventis-tathawade-amenities-lifestyle [Status: 200]
🚀 [36mIndexing Pushed:[0m https://krisalaventis.in/krisala-aventis-tathawade-brochure-download [Status: 200]
🚀 [36mIndexing Pushed:[0m https://krisalaventis.in/krisala-aventis-tathawade-competitor-comparison [Status: 200]
🚀 [36mIndexing Pushed:[0m https://krisalaventis.in/krisala-aventis-tathawade-connectivity-it-hubs [Status: 200]
🚀 [36mIndexing Pushed:[0m https://krisalaventis.in/krisala-aventis-tathawade-construction-status [Status: 200]
🚀 [36mIndexing Pushed:[0m https://krisalaventis.in/krisala-aventis-tathawade-cost-sheet-estimator [Status: 200]
🚀 [36mIndexing Pushed:[0m https://krisalaventis.in/krisala-aventis-tathawade-customer-reviews-testimonials [Status: 200]
🚀 [36mIndexing Pushed:[0m https://krisalaventis.in/krisala-aventis-tathawade-developer-legacy [Status: 200]
🚀 [36mIndexing Pushed:[0m https://krisalaventis.in/krisala-aventis-tathawade-educational-hubs [Status: 200]
🚀 [36mIndexing Pushed:[0m https://krisalaventis.in/krisala-aventis-tathawade-flats-near-hinjewadi [Status: 200]
🚀 [36mIndexing Pushed:[0m https://krisalaventis.in/krisala-aventis-tathawade-growth-story-roi-2026 [Status: 200]
🚀 [36mIndexing Pushed:[0m https://krisalaventis.in/krisala-aventis-tathawade-hindi-janakari [Status: 200]
🚀 [36mIndexing Pushed:[0m https://krisalaventis.in/krisala-aventis-tathawade-home-loan-emi-calculator [Status: 200]
🚀 [36mIndexing Pushed:[0m https://krisalaventis.in/krisala-aventis-tathawade-investment-roi [Status: 200]
🚀 [36mIndexing Pushed:[0m https://krisalaventis.in/krisala-aventis-tathawade-lifestyle-it-park-proximity [Status: 200]
🚀 [36mIndexing Pushed:[0m https://krisalaventis.in/krisala-aventis-tathawade-local-area-guide-map [Status: 200]
🚀 [36mIndexing Pushed:[0m https://krisalaventis.in/krisala-aventis-tathawade-local-pune-review-hindi-marathi [Status: 200]
🚀 [36mIndexing Pushed:[0m https://krisalaventis.in/krisala-aventis-tathawade-luxury-specifications-aluform [Status: 200]
🚀 [36mIndexing Pushed:[0m https://krisalaventis.in/krisala-aventis-tathawade-marathi-mahiti [Status: 200]
🚀 [36mIndexing Pushed:[0m https://krisalaventis.in/krisala-aventis-tathawade-market-growth-calculator [Status: 200]
🚀 [36mIndexing Pushed:[0m https://krisalaventis.in/krisala-aventis-tathawade-near-aditya-birla-hospital [Status: 200]
🚀 [36mIndexing Pushed:[0m https://krisalaventis.in/krisala-aventis-tathawade-near-bhujbal-chowk [Status: 200]
🚀 [36mIndexing Pushed:[0m https://krisalaventis.in/krisala-aventis-tathawade-near-jspm-university [Status: 200]
🚀 [36mIndexing Pushed:[0m https://krisalaventis.in/krisala-aventis-tathawade-near-mumbai-pune-expressway [Status: 200]
🚀 [36mIndexing Pushed:[0m https://krisalaventis.in/krisala-aventis-tathawade-near-phoenix-mall-wakad [Status: 200]
🚀 [36mIndexing Pushed:[0m https://krisalaventis.in/krisala-aventis-tathawade-near-shakai-circle [Status: 200]
🚀 [36mIndexing Pushed:[0m https://krisalaventis.in/krisala-aventis-tathawade-nri-investment [Status: 200]
🚀 [36mIndexing Pushed:[0m https://krisalaventis.in/krisala-aventis-tathawade-possession-timeline-2026 [Status: 200]
🚀 [36mIndexing Pushed:[0m https://krisalaventis.in/krisala-aventis-tathawade-price-list [Status: 200]
🚀 [36mIndexing Pushed:[0m https://krisalaventis.in/krisala-aventis-tathawade-privacy-policy [Status: 200]
🚀 [36mIndexing Pushed:[0m https://krisalaventis.in/krisala-aventis-tathawade-public-transport [Status: 200]
🚀 [36mIndexing Pushed:[0m https://krisalaventis.in/krisala-aventis-tathawade-real-estate-glossary [Status: 200]
🚀 [36mIndexing Pushed:[0m https://krisalaventis.in/krisala-aventis-tathawade-smart-study-homes [Status: 200]
🚀 [36mIndexing Pushed:[0m https://krisalaventis.in/krisala-aventis-tathawade-terms-conditions [Status: 200]
🚀 [36mIndexing Pushed:[0m https://krisalaventis.in/krisala-aventis-tathawade-vastu-compliance [Status: 200]
🚀 [36mIndexing Pushed:[0m https://krisalaventis.in/sitemap-html [Status: 200]
🚀 [36mIndexing Pushed:[0m https://krisalaventis.in/tathawade-real-estate-investment-guide [Status: 200]
🚀 [36mIndexing Pushed:[0m https://krisalaventis.in/wakad-vs-tathawade-property-analysis [Status: 200]
[32m✨ All high-intent URLs pushed to Google Search Console.[0m
>> Running IndexNow Protocol...
✅ IndexNow Protocol Execution SUCCESS.
🚀 Blasted 44 URLs to Bing, Yahoo, DuckDuckGo, and Yandex.
Sovereign Sweep Completed: Wed Jun  3 00:00:46 IST 2026
=====================================================
=====================================================
Sovereign Sweep Initiated: Sat Jun  6 00:00:01 IST 2026
>> Running Google Indexing Protocol...
[32m✅ Authorized with Google Indexing API[0m
🚀 [36mIndexing Pushed:[0m https://krisalaventis.in/ [Status: 200]
🚀 [36mIndexing Pushed:[0m https://krisalaventis.in/krisala-aventis-premium-living-review [Status: 200]
🚀 [36mIndexing Pushed:[0m https://krisalaventis.in/krisala-aventis-special-offer [Status: 200]
🚀 [36mIndexing Pushed:[0m https://krisalaventis.in/krisala-aventis-tathawade-2-bhk-flats [Status: 200]
🚀 [36mIndexing Pushed:[0m https://krisalaventis.in/krisala-aventis-tathawade-3-bhk-luxury-apartments [Status: 200]
🚀 [36mIndexing Pushed:[0m https://krisalaventis.in/krisala-aventis-tathawade-aluform-technology [Status: 200]
🚀 [36mIndexing Pushed:[0m https://krisalaventis.in/krisala-aventis-tathawade-amenities-lifestyle [Status: 200]
🚀 [36mIndexing Pushed:[0m https://krisalaventis.in/krisala-aventis-tathawade-brochure-download [Status: 200]
🚀 [36mIndexing Pushed:[0m https://krisalaventis.in/krisala-aventis-tathawade-competitor-comparison [Status: 200]
🚀 [36mIndexing Pushed:[0m https://krisalaventis.in/krisala-aventis-tathawade-connectivity-it-hubs [Status: 200]
🚀 [36mIndexing Pushed:[0m https://krisalaventis.in/krisala-aventis-tathawade-construction-status [Status: 200]
🚀 [36mIndexing Pushed:[0m https://krisalaventis.in/krisala-aventis-tathawade-cost-sheet-estimator [Status: 200]
🚀 [36mIndexing Pushed:[0m https://krisalaventis.in/krisala-aventis-tathawade-customer-reviews-testimonials [Status: 200]
🚀 [36mIndexing Pushed:[0m https://krisalaventis.in/krisala-aventis-tathawade-developer-legacy [Status: 200]
🚀 [36mIndexing Pushed:[0m https://krisalaventis.in/krisala-aventis-tathawade-educational-hubs [Status: 200]
🚀 [36mIndexing Pushed:[0m https://krisalaventis.in/krisala-aventis-tathawade-flats-near-hinjewadi [Status: 200]
🚀 [36mIndexing Pushed:[0m https://krisalaventis.in/krisala-aventis-tathawade-growth-story-roi-2026 [Status: 200]
🚀 [36mIndexing Pushed:[0m https://krisalaventis.in/krisala-aventis-tathawade-hindi-janakari [Status: 200]
🚀 [36mIndexing Pushed:[0m https://krisalaventis.in/krisala-aventis-tathawade-home-loan-emi-calculator [Status: 200]
🚀 [36mIndexing Pushed:[0m https://krisalaventis.in/krisala-aventis-tathawade-investment-roi [Status: 200]
🚀 [36mIndexing Pushed:[0m https://krisalaventis.in/krisala-aventis-tathawade-lifestyle-it-park-proximity [Status: 200]
🚀 [36mIndexing Pushed:[0m https://krisalaventis.in/krisala-aventis-tathawade-local-area-guide-map [Status: 200]
🚀 [36mIndexing Pushed:[0m https://krisalaventis.in/krisala-aventis-tathawade-local-pune-review-hindi-marathi [Status: 200]
🚀 [36mIndexing Pushed:[0m https://krisalaventis.in/krisala-aventis-tathawade-luxury-specifications-aluform [Status: 200]
🚀 [36mIndexing Pushed:[0m https://krisalaventis.in/krisala-aventis-tathawade-marathi-mahiti [Status: 200]
🚀 [36mIndexing Pushed:[0m https://krisalaventis.in/krisala-aventis-tathawade-market-growth-calculator [Status: 200]
🚀 [36mIndexing Pushed:[0m https://krisalaventis.in/krisala-aventis-tathawade-near-aditya-birla-hospital [Status: 200]
🚀 [36mIndexing Pushed:[0m https://krisalaventis.in/krisala-aventis-tathawade-near-bhujbal-chowk [Status: 200]
🚀 [36mIndexing Pushed:[0m https://krisalaventis.in/krisala-aventis-tathawade-near-jspm-university [Status: 200]
🚀 [36mIndexing Pushed:[0m https://krisalaventis.in/krisala-aventis-tathawade-near-mumbai-pune-expressway [Status: 200]
🚀 [36mIndexing Pushed:[0m https://krisalaventis.in/krisala-aventis-tathawade-near-phoenix-mall-wakad [Status: 200]
🚀 [36mIndexing Pushed:[0m https://krisalaventis.in/krisala-aventis-tathawade-near-shakai-circle [Status: 200]
🚀 [36mIndexing Pushed:[0m https://krisalaventis.in/krisala-aventis-tathawade-nri-investment [Status: 200]
🚀 [36mIndexing Pushed:[0m https://krisalaventis.in/krisala-aventis-tathawade-possession-timeline-2026 [Status: 200]
🚀 [36mIndexing Pushed:[0m https://krisalaventis.in/krisala-aventis-tathawade-price-list [Status: 200]
🚀 [36mIndexing Pushed:[0m https://krisalaventis.in/krisala-aventis-tathawade-privacy-policy [Status: 200]
🚀 [36mIndexing Pushed:[0m https://krisalaventis.in/krisala-aventis-tathawade-public-transport [Status: 200]
🚀 [36mIndexing Pushed:[0m https://krisalaventis.in/krisala-aventis-tathawade-real-estate-glossary [Status: 200]
🚀 [36mIndexing Pushed:[0m https://krisalaventis.in/krisala-aventis-tathawade-smart-study-homes [Status: 200]
🚀 [36mIndexing Pushed:[0m https://krisalaventis.in/krisala-aventis-tathawade-terms-conditions [Status: 200]
🚀 [36mIndexing Pushed:[0m https://krisalaventis.in/krisala-aventis-tathawade-vastu-compliance [Status: 200]
🚀 [36mIndexing Pushed:[0m https://krisalaventis.in/sitemap-html [Status: 200]
🚀 [36mIndexing Pushed:[0m https://krisalaventis.in/tathawade-real-estate-investment-guide [Status: 200]
🚀 [36mIndexing Pushed:[0m https://krisalaventis.in/wakad-vs-tathawade-property-analysis [Status: 200]
[32m✨ All high-intent URLs pushed to Google Search Console.[0m
>> Running IndexNow Protocol...
✅ IndexNow Protocol Execution SUCCESS.
🚀 Blasted 44 URLs to Bing, Yahoo, DuckDuckGo, and Yandex.
Sovereign Sweep Completed: Sat Jun  6 00:00:47 IST 2026
=====================================================
=====================================================
Sovereign Sweep Initiated: Sun Jun  7 00:00:01 IST 2026
>> Running Google Indexing Protocol...
[32m✅ Authorized with Google Indexing API[0m
🚀 [36mIndexing Pushed:[0m https://krisalaventis.in/ [Status: 200]
🚀 [36mIndexing Pushed:[0m https://krisalaventis.in/krisala-aventis-premium-living-review [Status: 200]
🚀 [36mIndexing Pushed:[0m https://krisalaventis.in/krisala-aventis-special-offer [Status: 200]
🚀 [36mIndexing Pushed:[0m https://krisalaventis.in/krisala-aventis-tathawade-2-bhk-flats [Status: 200]
🚀 [36mIndexing Pushed:[0m https://krisalaventis.in/krisala-aventis-tathawade-3-bhk-luxury-apartments [Status: 200]
🚀 [36mIndexing Pushed:[0m https://krisalaventis.in/krisala-aventis-tathawade-aluform-technology [Status: 200]
🚀 [36mIndexing Pushed:[0m https://krisalaventis.in/krisala-aventis-tathawade-amenities-lifestyle [Status: 200]
🚀 [36mIndexing Pushed:[0m https://krisalaventis.in/krisala-aventis-tathawade-brochure-download [Status: 200]
🚀 [36mIndexing Pushed:[0m https://krisalaventis.in/krisala-aventis-tathawade-competitor-comparison [Status: 200]
🚀 [36mIndexing Pushed:[0m https://krisalaventis.in/krisala-aventis-tathawade-connectivity-it-hubs [Status: 200]
🚀 [36mIndexing Pushed:[0m https://krisalaventis.in/krisala-aventis-tathawade-construction-status [Status: 200]
🚀 [36mIndexing Pushed:[0m https://krisalaventis.in/krisala-aventis-tathawade-cost-sheet-estimator [Status: 200]
🚀 [36mIndexing Pushed:[0m https://krisalaventis.in/krisala-aventis-tathawade-customer-reviews-testimonials [Status: 200]
🚀 [36mIndexing Pushed:[0m https://krisalaventis.in/krisala-aventis-tathawade-developer-legacy [Status: 200]
🚀 [36mIndexing Pushed:[0m https://krisalaventis.in/krisala-aventis-tathawade-educational-hubs [Status: 200]
🚀 [36mIndexing Pushed:[0m https://krisalaventis.in/krisala-aventis-tathawade-flats-near-hinjewadi [Status: 200]
🚀 [36mIndexing Pushed:[0m https://krisalaventis.in/krisala-aventis-tathawade-growth-story-roi-2026 [Status: 200]
🚀 [36mIndexing Pushed:[0m https://krisalaventis.in/krisala-aventis-tathawade-hindi-janakari [Status: 200]
🚀 [36mIndexing Pushed:[0m https://krisalaventis.in/krisala-aventis-tathawade-home-loan-emi-calculator [Status: 200]
🚀 [36mIndexing Pushed:[0m https://krisalaventis.in/krisala-aventis-tathawade-investment-roi [Status: 200]
🚀 [36mIndexing Pushed:[0m https://krisalaventis.in/krisala-aventis-tathawade-lifestyle-it-park-proximity [Status: 200]
🚀 [36mIndexing Pushed:[0m https://krisalaventis.in/krisala-aventis-tathawade-local-area-guide-map [Status: 200]
🚀 [36mIndexing Pushed:[0m https://krisalaventis.in/krisala-aventis-tathawade-local-pune-review-hindi-marathi [Status: 200]
🚀 [36mIndexing Pushed:[0m https://krisalaventis.in/krisala-aventis-tathawade-luxury-specifications-aluform [Status: 200]
🚀 [36mIndexing Pushed:[0m https://krisalaventis.in/krisala-aventis-tathawade-marathi-mahiti [Status: 200]
🚀 [36mIndexing Pushed:[0m https://krisalaventis.in/krisala-aventis-tathawade-market-growth-calculator [Status: 200]
🚀 [36mIndexing Pushed:[0m https://krisalaventis.in/krisala-aventis-tathawade-near-aditya-birla-hospital [Status: 200]
🚀 [36mIndexing Pushed:[0m https://krisalaventis.in/krisala-aventis-tathawade-near-bhujbal-chowk [Status: 200]
🚀 [36mIndexing Pushed:[0m https://krisalaventis.in/krisala-aventis-tathawade-near-jspm-university [Status: 200]
🚀 [36mIndexing Pushed:[0m https://krisalaventis.in/krisala-aventis-tathawade-near-mumbai-pune-expressway [Status: 200]
🚀 [36mIndexing Pushed:[0m https://krisalaventis.in/krisala-aventis-tathawade-near-phoenix-mall-wakad [Status: 200]
🚀 [36mIndexing Pushed:[0m https://krisalaventis.in/krisala-aventis-tathawade-near-shakai-circle [Status: 200]
🚀 [36mIndexing Pushed:[0m https://krisalaventis.in/krisala-aventis-tathawade-nri-investment [Status: 200]
🚀 [36mIndexing Pushed:[0m https://krisalaventis.in/krisala-aventis-tathawade-possession-timeline-2026 [Status: 200]
🚀 [36mIndexing Pushed:[0m https://krisalaventis.in/krisala-aventis-tathawade-price-list [Status: 200]
🚀 [36mIndexing Pushed:[0m https://krisalaventis.in/krisala-aventis-tathawade-privacy-policy [Status: 200]
🚀 [36mIndexing Pushed:[0m https://krisalaventis.in/krisala-aventis-tathawade-public-transport [Status: 200]
🚀 [36mIndexing Pushed:[0m https://krisalaventis.in/krisala-aventis-tathawade-real-estate-glossary [Status: 200]
🚀 [36mIndexing Pushed:[0m https://krisalaventis.in/krisala-aventis-tathawade-smart-study-homes [Status: 200]
🚀 [36mIndexing Pushed:[0m https://krisalaventis.in/krisala-aventis-tathawade-terms-conditions [Status: 200]
🚀 [36mIndexing Pushed:[0m https://krisalaventis.in/krisala-aventis-tathawade-vastu-compliance [Status: 200]
🚀 [36mIndexing Pushed:[0m https://krisalaventis.in/sitemap-html [Status: 200]
🚀 [36mIndexing Pushed:[0m https://krisalaventis.in/tathawade-real-estate-investment-guide [Status: 200]
🚀 [36mIndexing Pushed:[0m https://krisalaventis.in/wakad-vs-tathawade-property-analysis [Status: 200]
[32m✨ All high-intent URLs pushed to Google Search Console.[0m
>> Running IndexNow Protocol...
✅ IndexNow Protocol Execution SUCCESS.
🚀 Blasted 44 URLs to Bing, Yahoo, DuckDuckGo, and Yandex.
Sovereign Sweep Completed: Sun Jun  7 00:00:46 IST 2026
=====================================================
=====================================================
Sovereign Sweep Initiated: Mon Jun  8 00:00:01 IST 2026
>> Running Google Indexing Protocol...
[32m✅ Authorized with Google Indexing API[0m
🚀 [36mIndexing Pushed:[0m https://krisalaventis.in/ [Status: 200]
🚀 [36mIndexing Pushed:[0m https://krisalaventis.in/krisala-aventis-premium-living-review [Status: 200]
🚀 [36mIndexing Pushed:[0m https://krisalaventis.in/krisala-aventis-special-offer [Status: 200]
🚀 [36mIndexing Pushed:[0m https://krisalaventis.in/krisala-aventis-tathawade-2-bhk-flats [Status: 200]
🚀 [36mIndexing Pushed:[0m https://krisalaventis.in/krisala-aventis-tathawade-3-bhk-luxury-apartments [Status: 200]
🚀 [36mIndexing Pushed:[0m https://krisalaventis.in/krisala-aventis-tathawade-aluform-technology [Status: 200]
🚀 [36mIndexing Pushed:[0m https://krisalaventis.in/krisala-aventis-tathawade-amenities-lifestyle [Status: 200]
🚀 [36mIndexing Pushed:[0m https://krisalaventis.in/krisala-aventis-tathawade-brochure-download [Status: 200]
🚀 [36mIndexing Pushed:[0m https://krisalaventis.in/krisala-aventis-tathawade-competitor-comparison [Status: 200]
🚀 [36mIndexing Pushed:[0m https://krisalaventis.in/krisala-aventis-tathawade-connectivity-it-hubs [Status: 200]
🚀 [36mIndexing Pushed:[0m https://krisalaventis.in/krisala-aventis-tathawade-construction-status [Status: 200]
🚀 [36mIndexing Pushed:[0m https://krisalaventis.in/krisala-aventis-tathawade-cost-sheet-estimator [Status: 200]
🚀 [36mIndexing Pushed:[0m https://krisalaventis.in/krisala-aventis-tathawade-customer-reviews-testimonials [Status: 200]
🚀 [36mIndexing Pushed:[0m https://krisalaventis.in/krisala-aventis-tathawade-developer-legacy [Status: 200]
🚀 [36mIndexing Pushed:[0m https://krisalaventis.in/krisala-aventis-tathawade-educational-hubs [Status: 200]
🚀 [36mIndexing Pushed:[0m https://krisalaventis.in/krisala-aventis-tathawade-flats-near-hinjewadi [Status: 200]
🚀 [36mIndexing Pushed:[0m https://krisalaventis.in/krisala-aventis-tathawade-growth-story-roi-2026 [Status: 200]
🚀 [36mIndexing Pushed:[0m https://krisalaventis.in/krisala-aventis-tathawade-hindi-janakari [Status: 200]
🚀 [36mIndexing Pushed:[0m https://krisalaventis.in/krisala-aventis-tathawade-home-loan-emi-calculator [Status: 200]
🚀 [36mIndexing Pushed:[0m https://krisalaventis.in/krisala-aventis-tathawade-investment-roi [Status: 200]
🚀 [36mIndexing Pushed:[0m https://krisalaventis.in/krisala-aventis-tathawade-lifestyle-it-park-proximity [Status: 200]
🚀 [36mIndexing Pushed:[0m https://krisalaventis.in/krisala-aventis-tathawade-local-area-guide-map [Status: 200]
🚀 [36mIndexing Pushed:[0m https://krisalaventis.in/krisala-aventis-tathawade-local-pune-review-hindi-marathi [Status: 200]
🚀 [36mIndexing Pushed:[0m https://krisalaventis.in/krisala-aventis-tathawade-luxury-specifications-aluform [Status: 200]
🚀 [36mIndexing Pushed:[0m https://krisalaventis.in/krisala-aventis-tathawade-marathi-mahiti [Status: 200]
🚀 [36mIndexing Pushed:[0m https://krisalaventis.in/krisala-aventis-tathawade-market-growth-calculator [Status: 200]
🚀 [36mIndexing Pushed:[0m https://krisalaventis.in/krisala-aventis-tathawade-near-aditya-birla-hospital [Status: 200]
🚀 [36mIndexing Pushed:[0m https://krisalaventis.in/krisala-aventis-tathawade-near-bhujbal-chowk [Status: 200]
🚀 [36mIndexing Pushed:[0m https://krisalaventis.in/krisala-aventis-tathawade-near-jspm-university [Status: 200]
🚀 [36mIndexing Pushed:[0m https://krisalaventis.in/krisala-aventis-tathawade-near-mumbai-pune-expressway [Status: 200]
🚀 [36mIndexing Pushed:[0m https://krisalaventis.in/krisala-aventis-tathawade-near-phoenix-mall-wakad [Status: 200]
🚀 [36mIndexing Pushed:[0m https://krisalaventis.in/krisala-aventis-tathawade-near-shakai-circle [Status: 200]
🚀 [36mIndexing Pushed:[0m https://krisalaventis.in/krisala-aventis-tathawade-nri-investment [Status: 200]
🚀 [36mIndexing Pushed:[0m https://krisalaventis.in/krisala-aventis-tathawade-possession-timeline-2026 [Status: 200]
🚀 [36mIndexing Pushed:[0m https://krisalaventis.in/krisala-aventis-tathawade-price-list [Status: 200]
🚀 [36mIndexing Pushed:[0m https://krisalaventis.in/krisala-aventis-tathawade-privacy-policy [Status: 200]
🚀 [36mIndexing Pushed:[0m https://krisalaventis.in/krisala-aventis-tathawade-public-transport [Status: 200]
🚀 [36mIndexing Pushed:[0m https://krisalaventis.in/krisala-aventis-tathawade-real-estate-glossary [Status: 200]
🚀 [36mIndexing Pushed:[0m https://krisalaventis.in/krisala-aventis-tathawade-smart-study-homes [Status: 200]
🚀 [36mIndexing Pushed:[0m https://krisalaventis.in/krisala-aventis-tathawade-terms-conditions [Status: 200]
🚀 [36mIndexing Pushed:[0m https://krisalaventis.in/krisala-aventis-tathawade-vastu-compliance [Status: 200]
🚀 [36mIndexing Pushed:[0m https://krisalaventis.in/sitemap-html [Status: 200]
🚀 [36mIndexing Pushed:[0m https://krisalaventis.in/tathawade-real-estate-investment-guide [Status: 200]
🚀 [36mIndexing Pushed:[0m https://krisalaventis.in/wakad-vs-tathawade-property-analysis [Status: 200]
[32m✨ All high-intent URLs pushed to Google Search Console.[0m
>> Running IndexNow Protocol...
✅ IndexNow Protocol Execution SUCCESS.
🚀 Blasted 44 URLs to Bing, Yahoo, DuckDuckGo, and Yandex.
Sovereign Sweep Completed: Mon Jun  8 00:00:53 IST 2026
=====================================================
=====================================================
Sovereign Sweep Initiated: Tue Jun  9 00:00:00 IST 2026
>> Running Google Indexing Protocol...
[32m✅ Authorized with Google Indexing API[0m
🚀 [36mIndexing Pushed:[0m https://krisalaventis.in/ [Status: 200]
🚀 [36mIndexing Pushed:[0m https://krisalaventis.in/krisala-aventis-premium-living-review [Status: 200]
🚀 [36mIndexing Pushed:[0m https://krisalaventis.in/krisala-aventis-special-offer [Status: 200]
🚀 [36mIndexing Pushed:[0m https://krisalaventis.in/krisala-aventis-tathawade-2-bhk-flats [Status: 200]
🚀 [36mIndexing Pushed:[0m https://krisalaventis.in/krisala-aventis-tathawade-3-bhk-luxury-apartments [Status: 200]
🚀 [36mIndexing Pushed:[0m https://krisalaventis.in/krisala-aventis-tathawade-aluform-technology [Status: 200]
🚀 [36mIndexing Pushed:[0m https://krisalaventis.in/krisala-aventis-tathawade-amenities-lifestyle [Status: 200]
🚀 [36mIndexing Pushed:[0m https://krisalaventis.in/krisala-aventis-tathawade-brochure-download [Status: 200]
🚀 [36mIndexing Pushed:[0m https://krisalaventis.in/krisala-aventis-tathawade-competitor-comparison [Status: 200]
🚀 [36mIndexing Pushed:[0m https://krisalaventis.in/krisala-aventis-tathawade-connectivity-it-hubs [Status: 200]
🚀 [36mIndexing Pushed:[0m https://krisalaventis.in/krisala-aventis-tathawade-construction-status [Status: 200]
🚀 [36mIndexing Pushed:[0m https://krisalaventis.in/krisala-aventis-tathawade-cost-sheet-estimator [Status: 200]
🚀 [36mIndexing Pushed:[0m https://krisalaventis.in/krisala-aventis-tathawade-customer-reviews-testimonials [Status: 200]
🚀 [36mIndexing Pushed:[0m https://krisalaventis.in/krisala-aventis-tathawade-developer-legacy [Status: 200]
🚀 [36mIndexing Pushed:[0m https://krisalaventis.in/krisala-aventis-tathawade-educational-hubs [Status: 200]
🚀 [36mIndexing Pushed:[0m https://krisalaventis.in/krisala-aventis-tathawade-flats-near-hinjewadi [Status: 200]
🚀 [36mIndexing Pushed:[0m https://krisalaventis.in/krisala-aventis-tathawade-growth-story-roi-2026 [Status: 200]
🚀 [36mIndexing Pushed:[0m https://krisalaventis.in/krisala-aventis-tathawade-hindi-janakari [Status: 200]
🚀 [36mIndexing Pushed:[0m https://krisalaventis.in/krisala-aventis-tathawade-home-loan-emi-calculator [Status: 200]
🚀 [36mIndexing Pushed:[0m https://krisalaventis.in/krisala-aventis-tathawade-investment-roi [Status: 200]
🚀 [36mIndexing Pushed:[0m https://krisalaventis.in/krisala-aventis-tathawade-lifestyle-it-park-proximity [Status: 200]
🚀 [36mIndexing Pushed:[0m https://krisalaventis.in/krisala-aventis-tathawade-local-area-guide-map [Status: 200]
🚀 [36mIndexing Pushed:[0m https://krisalaventis.in/krisala-aventis-tathawade-local-pune-review-hindi-marathi [Status: 200]
🚀 [36mIndexing Pushed:[0m https://krisalaventis.in/krisala-aventis-tathawade-luxury-specifications-aluform [Status: 200]
🚀 [36mIndexing Pushed:[0m https://krisalaventis.in/krisala-aventis-tathawade-marathi-mahiti [Status: 200]
🚀 [36mIndexing Pushed:[0m https://krisalaventis.in/krisala-aventis-tathawade-market-growth-calculator [Status: 200]
🚀 [36mIndexing Pushed:[0m https://krisalaventis.in/krisala-aventis-tathawade-near-aditya-birla-hospital [Status: 200]
🚀 [36mIndexing Pushed:[0m https://krisalaventis.in/krisala-aventis-tathawade-near-bhujbal-chowk [Status: 200]
🚀 [36mIndexing Pushed:[0m https://krisalaventis.in/krisala-aventis-tathawade-near-jspm-university [Status: 200]
🚀 [36mIndexing Pushed:[0m https://krisalaventis.in/krisala-aventis-tathawade-near-mumbai-pune-expressway [Status: 200]
🚀 [36mIndexing Pushed:[0m https://krisalaventis.in/krisala-aventis-tathawade-near-phoenix-mall-wakad [Status: 200]
🚀 [36mIndexing Pushed:[0m https://krisalaventis.in/krisala-aventis-tathawade-near-shakai-circle [Status: 200]
🚀 [36mIndexing Pushed:[0m https://krisalaventis.in/krisala-aventis-tathawade-nri-investment [Status: 200]
🚀 [36mIndexing Pushed:[0m https://krisalaventis.in/krisala-aventis-tathawade-possession-timeline-2026 [Status: 200]
🚀 [36mIndexing Pushed:[0m https://krisalaventis.in/krisala-aventis-tathawade-price-list [Status: 200]
🚀 [36mIndexing Pushed:[0m https://krisalaventis.in/krisala-aventis-tathawade-privacy-policy [Status: 200]
🚀 [36mIndexing Pushed:[0m https://krisalaventis.in/krisala-aventis-tathawade-public-transport [Status: 200]
🚀 [36mIndexing Pushed:[0m https://krisalaventis.in/krisala-aventis-tathawade-real-estate-glossary [Status: 200]
🚀 [36mIndexing Pushed:[0m https://krisalaventis.in/krisala-aventis-tathawade-smart-study-homes [Status: 200]
🚀 [36mIndexing Pushed:[0m https://krisalaventis.in/krisala-aventis-tathawade-terms-conditions [Status: 200]
🚀 [36mIndexing Pushed:[0m https://krisalaventis.in/krisala-aventis-tathawade-vastu-compliance [Status: 200]
🚀 [36mIndexing Pushed:[0m https://krisalaventis.in/sitemap-html [Status: 200]
🚀 [36mIndexing Pushed:[0m https://krisalaventis.in/tathawade-real-estate-investment-guide [Status: 200]
🚀 [36mIndexing Pushed:[0m https://krisalaventis.in/wakad-vs-tathawade-property-analysis [Status: 200]
[32m✨ All high-intent URLs pushed to Google Search Console.[0m
>> Running IndexNow Protocol...
✅ IndexNow Protocol Execution SUCCESS.
🚀 Blasted 44 URLs to Bing, Yahoo, DuckDuckGo, and Yandex.
Sovereign Sweep Completed: Tue Jun  9 00:00:45 IST 2026
=====================================================
=====================================================
Sovereign Sweep Initiated: Thu Jun 11 00:00:01 IST 2026
>> Running Google Indexing Protocol...
[32m✅ Authorized with Google Indexing API[0m
🚀 [36mIndexing Pushed:[0m https://krisalaventis.in/ [Status: 200]
🚀 [36mIndexing Pushed:[0m https://krisalaventis.in/krisala-aventis-premium-living-review [Status: 200]
🚀 [36mIndexing Pushed:[0m https://krisalaventis.in/krisala-aventis-special-offer [Status: 200]
🚀 [36mIndexing Pushed:[0m https://krisalaventis.in/krisala-aventis-tathawade-2-bhk-flats [Status: 200]
🚀 [36mIndexing Pushed:[0m https://krisalaventis.in/krisala-aventis-tathawade-3-bhk-luxury-apartments [Status: 200]
🚀 [36mIndexing Pushed:[0m https://krisalaventis.in/krisala-aventis-tathawade-aluform-technology [Status: 200]
🚀 [36mIndexing Pushed:[0m https://krisalaventis.in/krisala-aventis-tathawade-amenities-lifestyle [Status: 200]
🚀 [36mIndexing Pushed:[0m https://krisalaventis.in/krisala-aventis-tathawade-brochure-download [Status: 200]
🚀 [36mIndexing Pushed:[0m https://krisalaventis.in/krisala-aventis-tathawade-competitor-comparison [Status: 200]
🚀 [36mIndexing Pushed:[0m https://krisalaventis.in/krisala-aventis-tathawade-connectivity-it-hubs [Status: 200]
🚀 [36mIndexing Pushed:[0m https://krisalaventis.in/krisala-aventis-tathawade-construction-status [Status: 200]
🚀 [36mIndexing Pushed:[0m https://krisalaventis.in/krisala-aventis-tathawade-cost-sheet-estimator [Status: 200]
🚀 [36mIndexing Pushed:[0m https://krisalaventis.in/krisala-aventis-tathawade-customer-reviews-testimonials [Status: 200]
🚀 [36mIndexing Pushed:[0m https://krisalaventis.in/krisala-aventis-tathawade-developer-legacy [Status: 200]
🚀 [36mIndexing Pushed:[0m https://krisalaventis.in/krisala-aventis-tathawade-educational-hubs [Status: 200]
🚀 [36mIndexing Pushed:[0m https://krisalaventis.in/krisala-aventis-tathawade-flats-near-hinjewadi [Status: 200]
🚀 [36mIndexing Pushed:[0m https://krisalaventis.in/krisala-aventis-tathawade-growth-story-roi-2026 [Status: 200]
🚀 [36mIndexing Pushed:[0m https://krisalaventis.in/krisala-aventis-tathawade-hindi-janakari [Status: 200]
🚀 [36mIndexing Pushed:[0m https://krisalaventis.in/krisala-aventis-tathawade-home-loan-emi-calculator [Status: 200]
🚀 [36mIndexing Pushed:[0m https://krisalaventis.in/krisala-aventis-tathawade-investment-roi [Status: 200]
🚀 [36mIndexing Pushed:[0m https://krisalaventis.in/krisala-aventis-tathawade-lifestyle-it-park-proximity [Status: 200]
🚀 [36mIndexing Pushed:[0m https://krisalaventis.in/krisala-aventis-tathawade-local-area-guide-map [Status: 200]
🚀 [36mIndexing Pushed:[0m https://krisalaventis.in/krisala-aventis-tathawade-local-pune-review-hindi-marathi [Status: 200]
🚀 [36mIndexing Pushed:[0m https://krisalaventis.in/krisala-aventis-tathawade-luxury-specifications-aluform [Status: 200]
🚀 [36mIndexing Pushed:[0m https://krisalaventis.in/krisala-aventis-tathawade-marathi-mahiti [Status: 200]
🚀 [36mIndexing Pushed:[0m https://krisalaventis.in/krisala-aventis-tathawade-market-growth-calculator [Status: 200]
🚀 [36mIndexing Pushed:[0m https://krisalaventis.in/krisala-aventis-tathawade-near-aditya-birla-hospital [Status: 200]
🚀 [36mIndexing Pushed:[0m https://krisalaventis.in/krisala-aventis-tathawade-near-bhujbal-chowk [Status: 200]
🚀 [36mIndexing Pushed:[0m https://krisalaventis.in/krisala-aventis-tathawade-near-jspm-university [Status: 200]
🚀 [36mIndexing Pushed:[0m https://krisalaventis.in/krisala-aventis-tathawade-near-mumbai-pune-expressway [Status: 200]
🚀 [36mIndexing Pushed:[0m https://krisalaventis.in/krisala-aventis-tathawade-near-phoenix-mall-wakad [Status: 200]
🚀 [36mIndexing Pushed:[0m https://krisalaventis.in/krisala-aventis-tathawade-near-shakai-circle [Status: 200]
🚀 [36mIndexing Pushed:[0m https://krisalaventis.in/krisala-aventis-tathawade-nri-investment [Status: 200]
🚀 [36mIndexing Pushed:[0m https://krisalaventis.in/krisala-aventis-tathawade-possession-timeline-2026 [Status: 200]
🚀 [36mIndexing Pushed:[0m https://krisalaventis.in/krisala-aventis-tathawade-price-list [Status: 200]
🚀 [36mIndexing Pushed:[0m https://krisalaventis.in/krisala-aventis-tathawade-privacy-policy [Status: 200]
🚀 [36mIndexing Pushed:[0m https://krisalaventis.in/krisala-aventis-tathawade-public-transport [Status: 200]
🚀 [36mIndexing Pushed:[0m https://krisalaventis.in/krisala-aventis-tathawade-real-estate-glossary [Status: 200]
🚀 [36mIndexing Pushed:[0m https://krisalaventis.in/krisala-aventis-tathawade-smart-study-homes [Status: 200]
🚀 [36mIndexing Pushed:[0m https://krisalaventis.in/krisala-aventis-tathawade-terms-conditions [Status: 200]
🚀 [36mIndexing Pushed:[0m https://krisalaventis.in/krisala-aventis-tathawade-vastu-compliance [Status: 200]
🚀 [36mIndexing Pushed:[0m https://krisalaventis.in/sitemap-html [Status: 200]
🚀 [36mIndexing Pushed:[0m https://krisalaventis.in/tathawade-real-estate-investment-guide [Status: 200]
🚀 [36mIndexing Pushed:[0m https://krisalaventis.in/wakad-vs-tathawade-property-analysis [Status: 200]
[32m✨ All high-intent URLs pushed to Google Search Console.[0m
>> Running IndexNow Protocol...
✅ IndexNow Protocol Execution SUCCESS.
🚀 Blasted 44 URLs to Bing, Yahoo, DuckDuckGo, and Yandex.
Sovereign Sweep Completed: Thu Jun 11 00:00:55 IST 2026
=====================================================
=====================================================
Sovereign Sweep Initiated: Sat Jun 13 00:00:01 IST 2026
>> Running Google Indexing Protocol...
[32m✅ Authorized with Google Indexing API[0m
🚀 [36mIndexing Pushed:[0m https://krisalaventis.in/ [Status: 200]
🚀 [36mIndexing Pushed:[0m https://krisalaventis.in/krisala-aventis-premium-living-review [Status: 200]
🚀 [36mIndexing Pushed:[0m https://krisalaventis.in/krisala-aventis-special-offer [Status: 200]
🚀 [36mIndexing Pushed:[0m https://krisalaventis.in/krisala-aventis-tathawade-2-bhk-flats [Status: 200]
🚀 [36mIndexing Pushed:[0m https://krisalaventis.in/krisala-aventis-tathawade-3-bhk-luxury-apartments [Status: 200]
🚀 [36mIndexing Pushed:[0m https://krisalaventis.in/krisala-aventis-tathawade-aluform-technology [Status: 200]
🚀 [36mIndexing Pushed:[0m https://krisalaventis.in/krisala-aventis-tathawade-amenities-lifestyle [Status: 200]
🚀 [36mIndexing Pushed:[0m https://krisalaventis.in/krisala-aventis-tathawade-brochure-download [Status: 200]
🚀 [36mIndexing Pushed:[0m https://krisalaventis.in/krisala-aventis-tathawade-competitor-comparison [Status: 200]
🚀 [36mIndexing Pushed:[0m https://krisalaventis.in/krisala-aventis-tathawade-connectivity-it-hubs [Status: 200]
🚀 [36mIndexing Pushed:[0m https://krisalaventis.in/krisala-aventis-tathawade-construction-status [Status: 200]
🚀 [36mIndexing Pushed:[0m https://krisalaventis.in/krisala-aventis-tathawade-cost-sheet-estimator [Status: 200]
🚀 [36mIndexing Pushed:[0m https://krisalaventis.in/krisala-aventis-tathawade-customer-reviews-testimonials [Status: 200]
🚀 [36mIndexing Pushed:[0m https://krisalaventis.in/krisala-aventis-tathawade-developer-legacy [Status: 200]
🚀 [36mIndexing Pushed:[0m https://krisalaventis.in/krisala-aventis-tathawade-educational-hubs [Status: 200]
🚀 [36mIndexing Pushed:[0m https://krisalaventis.in/krisala-aventis-tathawade-flats-near-hinjewadi [Status: 200]
🚀 [36mIndexing Pushed:[0m https://krisalaventis.in/krisala-aventis-tathawade-growth-story-roi-2026 [Status: 200]
🚀 [36mIndexing Pushed:[0m https://krisalaventis.in/krisala-aventis-tathawade-hindi-janakari [Status: 200]
🚀 [36mIndexing Pushed:[0m https://krisalaventis.in/krisala-aventis-tathawade-home-loan-emi-calculator [Status: 200]
🚀 [36mIndexing Pushed:[0m https://krisalaventis.in/krisala-aventis-tathawade-investment-roi [Status: 200]
🚀 [36mIndexing Pushed:[0m https://krisalaventis.in/krisala-aventis-tathawade-lifestyle-it-park-proximity [Status: 200]
🚀 [36mIndexing Pushed:[0m https://krisalaventis.in/krisala-aventis-tathawade-local-area-guide-map [Status: 200]
🚀 [36mIndexing Pushed:[0m https://krisalaventis.in/krisala-aventis-tathawade-local-pune-review-hindi-marathi [Status: 200]
🚀 [36mIndexing Pushed:[0m https://krisalaventis.in/krisala-aventis-tathawade-luxury-specifications-aluform [Status: 200]
🚀 [36mIndexing Pushed:[0m https://krisalaventis.in/krisala-aventis-tathawade-marathi-mahiti [Status: 200]
🚀 [36mIndexing Pushed:[0m https://krisalaventis.in/krisala-aventis-tathawade-market-growth-calculator [Status: 200]
🚀 [36mIndexing Pushed:[0m https://krisalaventis.in/krisala-aventis-tathawade-near-aditya-birla-hospital [Status: 200]
🚀 [36mIndexing Pushed:[0m https://krisalaventis.in/krisala-aventis-tathawade-near-bhujbal-chowk [Status: 200]
🚀 [36mIndexing Pushed:[0m https://krisalaventis.in/krisala-aventis-tathawade-near-jspm-university [Status: 200]
🚀 [36mIndexing Pushed:[0m https://krisalaventis.in/krisala-aventis-tathawade-near-mumbai-pune-expressway [Status: 200]
🚀 [36mIndexing Pushed:[0m https://krisalaventis.in/krisala-aventis-tathawade-near-phoenix-mall-wakad [Status: 200]
🚀 [36mIndexing Pushed:[0m https://krisalaventis.in/krisala-aventis-tathawade-near-shakai-circle [Status: 200]
🚀 [36mIndexing Pushed:[0m https://krisalaventis.in/krisala-aventis-tathawade-nri-investment [Status: 200]
🚀 [36mIndexing Pushed:[0m https://krisalaventis.in/krisala-aventis-tathawade-possession-timeline-2026 [Status: 200]
🚀 [36mIndexing Pushed:[0m https://krisalaventis.in/krisala-aventis-tathawade-price-list [Status: 200]
🚀 [36mIndexing Pushed:[0m https://krisalaventis.in/krisala-aventis-tathawade-privacy-policy [Status: 200]
🚀 [36mIndexing Pushed:[0m https://krisalaventis.in/krisala-aventis-tathawade-public-transport [Status: 200]
🚀 [36mIndexing Pushed:[0m https://krisalaventis.in/krisala-aventis-tathawade-real-estate-glossary [Status: 200]
🚀 [36mIndexing Pushed:[0m https://krisalaventis.in/krisala-aventis-tathawade-smart-study-homes [Status: 200]
🚀 [36mIndexing Pushed:[0m https://krisalaventis.in/krisala-aventis-tathawade-terms-conditions [Status: 200]
🚀 [36mIndexing Pushed:[0m https://krisalaventis.in/krisala-aventis-tathawade-vastu-compliance [Status: 200]
🚀 [36mIndexing Pushed:[0m https://krisalaventis.in/sitemap-html [Status: 200]
🚀 [36mIndexing Pushed:[0m https://krisalaventis.in/tathawade-real-estate-investment-guide [Status: 200]
🚀 [36mIndexing Pushed:[0m https://krisalaventis.in/wakad-vs-tathawade-property-analysis [Status: 200]
[32m✨ All high-intent URLs pushed to Google Search Console.[0m
>> Running IndexNow Protocol...
✅ IndexNow Protocol Execution SUCCESS.
🚀 Blasted 44 URLs to Bing, Yahoo, DuckDuckGo, and Yandex.
Sovereign Sweep Completed: Sat Jun 13 00:00:49 IST 2026
=====================================================
=====================================================
Sovereign Sweep Initiated: Wed Jun 17 00:00:00 IST 2026
>> Running Google Indexing Protocol...
[32m✅ Authorized with Google Indexing API[0m
🚀 [36mIndexing Pushed:[0m https://krisalaventis.in/ [Status: 200]
🚀 [36mIndexing Pushed:[0m https://krisalaventis.in/krisala-aventis-premium-living-review [Status: 200]
🚀 [36mIndexing Pushed:[0m https://krisalaventis.in/krisala-aventis-special-offer [Status: 200]
🚀 [36mIndexing Pushed:[0m https://krisalaventis.in/krisala-aventis-tathawade-2-bhk-flats [Status: 200]
🚀 [36mIndexing Pushed:[0m https://krisalaventis.in/krisala-aventis-tathawade-3-bhk-luxury-apartments [Status: 200]
🚀 [36mIndexing Pushed:[0m https://krisalaventis.in/krisala-aventis-tathawade-aluform-technology [Status: 200]
🚀 [36mIndexing Pushed:[0m https://krisalaventis.in/krisala-aventis-tathawade-amenities-lifestyle [Status: 200]
🚀 [36mIndexing Pushed:[0m https://krisalaventis.in/krisala-aventis-tathawade-brochure-download [Status: 200]
🚀 [36mIndexing Pushed:[0m https://krisalaventis.in/krisala-aventis-tathawade-competitor-comparison [Status: 200]
🚀 [36mIndexing Pushed:[0m https://krisalaventis.in/krisala-aventis-tathawade-connectivity-it-hubs [Status: 200]
🚀 [36mIndexing Pushed:[0m https://krisalaventis.in/krisala-aventis-tathawade-construction-status [Status: 200]
🚀 [36mIndexing Pushed:[0m https://krisalaventis.in/krisala-aventis-tathawade-cost-sheet-estimator [Status: 200]
🚀 [36mIndexing Pushed:[0m https://krisalaventis.in/krisala-aventis-tathawade-customer-reviews-testimonials [Status: 200]
🚀 [36mIndexing Pushed:[0m https://krisalaventis.in/krisala-aventis-tathawade-developer-legacy [Status: 200]
🚀 [36mIndexing Pushed:[0m https://krisalaventis.in/krisala-aventis-tathawade-educational-hubs [Status: 200]
🚀 [36mIndexing Pushed:[0m https://krisalaventis.in/krisala-aventis-tathawade-flats-near-hinjewadi [Status: 200]
🚀 [36mIndexing Pushed:[0m https://krisalaventis.in/krisala-aventis-tathawade-growth-story-roi-2026 [Status: 200]
🚀 [36mIndexing Pushed:[0m https://krisalaventis.in/krisala-aventis-tathawade-hindi-janakari [Status: 200]
🚀 [36mIndexing Pushed:[0m https://krisalaventis.in/krisala-aventis-tathawade-home-loan-emi-calculator [Status: 200]
🚀 [36mIndexing Pushed:[0m https://krisalaventis.in/krisala-aventis-tathawade-investment-roi [Status: 200]
🚀 [36mIndexing Pushed:[0m https://krisalaventis.in/krisala-aventis-tathawade-lifestyle-it-park-proximity [Status: 200]
🚀 [36mIndexing Pushed:[0m https://krisalaventis.in/krisala-aventis-tathawade-local-area-guide-map [Status: 200]
🚀 [36mIndexing Pushed:[0m https://krisalaventis.in/krisala-aventis-tathawade-local-pune-review-hindi-marathi [Status: 200]
🚀 [36mIndexing Pushed:[0m https://krisalaventis.in/krisala-aventis-tathawade-luxury-specifications-aluform [Status: 200]
🚀 [36mIndexing Pushed:[0m https://krisalaventis.in/krisala-aventis-tathawade-marathi-mahiti [Status: 200]
🚀 [36mIndexing Pushed:[0m https://krisalaventis.in/krisala-aventis-tathawade-market-growth-calculator [Status: 200]
🚀 [36mIndexing Pushed:[0m https://krisalaventis.in/krisala-aventis-tathawade-near-aditya-birla-hospital [Status: 200]
🚀 [36mIndexing Pushed:[0m https://krisalaventis.in/krisala-aventis-tathawade-near-bhujbal-chowk [Status: 200]
🚀 [36mIndexing Pushed:[0m https://krisalaventis.in/krisala-aventis-tathawade-near-jspm-university [Status: 200]
🚀 [36mIndexing Pushed:[0m https://krisalaventis.in/krisala-aventis-tathawade-near-mumbai-pune-expressway [Status: 200]
🚀 [36mIndexing Pushed:[0m https://krisalaventis.in/krisala-aventis-tathawade-near-phoenix-mall-wakad [Status: 200]
🚀 [36mIndexing Pushed:[0m https://krisalaventis.in/krisala-aventis-tathawade-near-shakai-circle [Status: 200]
🚀 [36mIndexing Pushed:[0m https://krisalaventis.in/krisala-aventis-tathawade-nri-investment [Status: 200]
🚀 [36mIndexing Pushed:[0m https://krisalaventis.in/krisala-aventis-tathawade-possession-timeline-2026 [Status: 200]
🚀 [36mIndexing Pushed:[0m https://krisalaventis.in/krisala-aventis-tathawade-price-list [Status: 200]
🚀 [36mIndexing Pushed:[0m https://krisalaventis.in/krisala-aventis-tathawade-privacy-policy [Status: 200]
🚀 [36mIndexing Pushed:[0m https://krisalaventis.in/krisala-aventis-tathawade-public-transport [Status: 200]
🚀 [36mIndexing Pushed:[0m https://krisalaventis.in/krisala-aventis-tathawade-real-estate-glossary [Status: 200]
🚀 [36mIndexing Pushed:[0m https://krisalaventis.in/krisala-aventis-tathawade-smart-study-homes [Status: 200]
🚀 [36mIndexing Pushed:[0m https://krisalaventis.in/krisala-aventis-tathawade-terms-conditions [Status: 200]
🚀 [36mIndexing Pushed:[0m https://krisalaventis.in/krisala-aventis-tathawade-vastu-compliance [Status: 200]
🚀 [36mIndexing Pushed:[0m https://krisalaventis.in/sitemap-html [Status: 200]
🚀 [36mIndexing Pushed:[0m https://krisalaventis.in/tathawade-real-estate-investment-guide [Status: 200]
🚀 [36mIndexing Pushed:[0m https://krisalaventis.in/wakad-vs-tathawade-property-analysis [Status: 200]
[32m✨ All high-intent URLs pushed to Google Search Console.[0m
>> Running IndexNow Protocol...
✅ IndexNow Protocol Execution SUCCESS.
🚀 Blasted 44 URLs to Bing, Yahoo, DuckDuckGo, and Yandex.
Sovereign Sweep Completed: Wed Jun 17 00:00:46 IST 2026
=====================================================
=====================================================
Sovereign Sweep Initiated: Sat Jun 20 00:00:00 IST 2026
>> Running Google Indexing Protocol...
[32m✅ Authorized with Google Indexing API[0m
🚀 [36mIndexing Pushed:[0m https://krisalaventis.in/ [Status: 200]
🚀 [36mIndexing Pushed:[0m https://krisalaventis.in/krisala-aventis-premium-living-review [Status: 200]
🚀 [36mIndexing Pushed:[0m https://krisalaventis.in/krisala-aventis-special-offer [Status: 200]
🚀 [36mIndexing Pushed:[0m https://krisalaventis.in/krisala-aventis-tathawade-2-bhk-flats [Status: 200]
🚀 [36mIndexing Pushed:[0m https://krisalaventis.in/krisala-aventis-tathawade-3-bhk-luxury-apartments [Status: 200]
🚀 [36mIndexing Pushed:[0m https://krisalaventis.in/krisala-aventis-tathawade-aluform-technology [Status: 200]
🚀 [36mIndexing Pushed:[0m https://krisalaventis.in/krisala-aventis-tathawade-amenities-lifestyle [Status: 200]
🚀 [36mIndexing Pushed:[0m https://krisalaventis.in/krisala-aventis-tathawade-brochure-download [Status: 200]
🚀 [36mIndexing Pushed:[0m https://krisalaventis.in/krisala-aventis-tathawade-competitor-comparison [Status: 200]
🚀 [36mIndexing Pushed:[0m https://krisalaventis.in/krisala-aventis-tathawade-connectivity-it-hubs [Status: 200]
🚀 [36mIndexing Pushed:[0m https://krisalaventis.in/krisala-aventis-tathawade-construction-status [Status: 200]
🚀 [36mIndexing Pushed:[0m https://krisalaventis.in/krisala-aventis-tathawade-cost-sheet-estimator [Status: 200]
🚀 [36mIndexing Pushed:[0m https://krisalaventis.in/krisala-aventis-tathawade-customer-reviews-testimonials [Status: 200]
🚀 [36mIndexing Pushed:[0m https://krisalaventis.in/krisala-aventis-tathawade-developer-legacy [Status: 200]
🚀 [36mIndexing Pushed:[0m https://krisalaventis.in/krisala-aventis-tathawade-educational-hubs [Status: 200]
🚀 [36mIndexing Pushed:[0m https://krisalaventis.in/krisala-aventis-tathawade-flats-near-hinjewadi [Status: 200]
🚀 [36mIndexing Pushed:[0m https://krisalaventis.in/krisala-aventis-tathawade-growth-story-roi-2026 [Status: 200]
🚀 [36mIndexing Pushed:[0m https://krisalaventis.in/krisala-aventis-tathawade-hindi-janakari [Status: 200]
🚀 [36mIndexing Pushed:[0m https://krisalaventis.in/krisala-aventis-tathawade-home-loan-emi-calculator [Status: 200]
🚀 [36mIndexing Pushed:[0m https://krisalaventis.in/krisala-aventis-tathawade-investment-roi [Status: 200]
🚀 [36mIndexing Pushed:[0m https://krisalaventis.in/krisala-aventis-tathawade-lifestyle-it-park-proximity [Status: 200]
🚀 [36mIndexing Pushed:[0m https://krisalaventis.in/krisala-aventis-tathawade-local-area-guide-map [Status: 200]
🚀 [36mIndexing Pushed:[0m https://krisalaventis.in/krisala-aventis-tathawade-local-pune-review-hindi-marathi [Status: 200]
🚀 [36mIndexing Pushed:[0m https://krisalaventis.in/krisala-aventis-tathawade-luxury-specifications-aluform [Status: 200]
🚀 [36mIndexing Pushed:[0m https://krisalaventis.in/krisala-aventis-tathawade-marathi-mahiti [Status: 200]
🚀 [36mIndexing Pushed:[0m https://krisalaventis.in/krisala-aventis-tathawade-market-growth-calculator [Status: 200]
🚀 [36mIndexing Pushed:[0m https://krisalaventis.in/krisala-aventis-tathawade-near-aditya-birla-hospital [Status: 200]
🚀 [36mIndexing Pushed:[0m https://krisalaventis.in/krisala-aventis-tathawade-near-bhujbal-chowk [Status: 200]
🚀 [36mIndexing Pushed:[0m https://krisalaventis.in/krisala-aventis-tathawade-near-jspm-university [Status: 200]
🚀 [36mIndexing Pushed:[0m https://krisalaventis.in/krisala-aventis-tathawade-near-mumbai-pune-expressway [Status: 200]
🚀 [36mIndexing Pushed:[0m https://krisalaventis.in/krisala-aventis-tathawade-near-phoenix-mall-wakad [Status: 200]
🚀 [36mIndexing Pushed:[0m https://krisalaventis.in/krisala-aventis-tathawade-near-shakai-circle [Status: 200]
🚀 [36mIndexing Pushed:[0m https://krisalaventis.in/krisala-aventis-tathawade-nri-investment [Status: 200]
🚀 [36mIndexing Pushed:[0m https://krisalaventis.in/krisala-aventis-tathawade-possession-timeline-2026 [Status: 200]
🚀 [36mIndexing Pushed:[0m https://krisalaventis.in/krisala-aventis-tathawade-price-list [Status: 200]
🚀 [36mIndexing Pushed:[0m https://krisalaventis.in/krisala-aventis-tathawade-privacy-policy [Status: 200]
🚀 [36mIndexing Pushed:[0m https://krisalaventis.in/krisala-aventis-tathawade-public-transport [Status: 200]
🚀 [36mIndexing Pushed:[0m https://krisalaventis.in/krisala-aventis-tathawade-real-estate-glossary [Status: 200]
🚀 [36mIndexing Pushed:[0m https://krisalaventis.in/krisala-aventis-tathawade-smart-study-homes [Status: 200]
🚀 [36mIndexing Pushed:[0m https://krisalaventis.in/krisala-aventis-tathawade-terms-conditions [Status: 200]
🚀 [36mIndexing Pushed:[0m https://krisalaventis.in/krisala-aventis-tathawade-vastu-compliance [Status: 200]
🚀 [36mIndexing Pushed:[0m https://krisalaventis.in/sitemap-html [Status: 200]
🚀 [36mIndexing Pushed:[0m https://krisalaventis.in/tathawade-real-estate-investment-guide [Status: 200]
🚀 [36mIndexing Pushed:[0m https://krisalaventis.in/wakad-vs-tathawade-property-analysis [Status: 200]
[32m✨ All high-intent URLs pushed to Google Search Console.[0m
>> Running IndexNow Protocol...
✅ IndexNow Protocol Execution SUCCESS.
🚀 Blasted 44 URLs to Bing, Yahoo, DuckDuckGo, and Yandex.
Sovereign Sweep Completed: Sat Jun 20 00:00:51 IST 2026
=====================================================
=====================================================
Sovereign Sweep Initiated: Sat Jun 27 16:07:16 IST 2026
>> Running Google Indexing Protocol...
[32m✅ Authorized with Google Indexing API[0m
🚀 [36mIndexing Pushed:[0m https://krisalaventis.in/ [Status: 200]
🚀 [36mIndexing Pushed:[0m https://krisalaventis.in/krisala-aventis-premium-living-review [Status: 200]
🚀 [36mIndexing Pushed:[0m https://krisalaventis.in/krisala-aventis-special-offer [Status: 200]
🚀 [36mIndexing Pushed:[0m https://krisalaventis.in/krisala-aventis-tathawade-2-bhk-flats [Status: 200]
🚀 [36mIndexing Pushed:[0m https://krisalaventis.in/krisala-aventis-tathawade-3-bhk-luxury-apartments [Status: 200]
🚀 [36mIndexing Pushed:[0m https://krisalaventis.in/krisala-aventis-tathawade-aluform-technology [Status: 200]
🚀 [36mIndexing Pushed:[0m https://krisalaventis.in/krisala-aventis-tathawade-amenities-lifestyle [Status: 200]
🚀 [36mIndexing Pushed:[0m https://krisalaventis.in/krisala-aventis-tathawade-brochure-download [Status: 200]
🚀 [36mIndexing Pushed:[0m https://krisalaventis.in/krisala-aventis-tathawade-competitor-comparison [Status: 200]
🚀 [36mIndexing Pushed:[0m https://krisalaventis.in/krisala-aventis-tathawade-connectivity-it-hubs [Status: 200]
🚀 [36mIndexing Pushed:[0m https://krisalaventis.in/krisala-aventis-tathawade-construction-status [Status: 200]
🚀 [36mIndexing Pushed:[0m https://krisalaventis.in/krisala-aventis-tathawade-cost-sheet-estimator [Status: 200]
🚀 [36mIndexing Pushed:[0m https://krisalaventis.in/krisala-aventis-tathawade-customer-reviews-testimonials [Status: 200]
🚀 [36mIndexing Pushed:[0m https://krisalaventis.in/krisala-aventis-tathawade-developer-legacy [Status: 200]
🚀 [36mIndexing Pushed:[0m https://krisalaventis.in/krisala-aventis-tathawade-educational-hubs [Status: 200]
🚀 [36mIndexing Pushed:[0m https://krisalaventis.in/krisala-aventis-tathawade-flats-near-hinjewadi [Status: 200]
🚀 [36mIndexing Pushed:[0m https://krisalaventis.in/krisala-aventis-tathawade-growth-story-roi-2026 [Status: 200]
🚀 [36mIndexing Pushed:[0m https://krisalaventis.in/krisala-aventis-tathawade-hindi-janakari [Status: 200]
🚀 [36mIndexing Pushed:[0m https://krisalaventis.in/krisala-aventis-tathawade-home-loan-emi-calculator [Status: 200]
🚀 [36mIndexing Pushed:[0m https://krisalaventis.in/krisala-aventis-tathawade-investment-roi [Status: 200]
🚀 [36mIndexing Pushed:[0m https://krisalaventis.in/krisala-aventis-tathawade-lifestyle-it-park-proximity [Status: 200]
🚀 [36mIndexing Pushed:[0m https://krisalaventis.in/krisala-aventis-tathawade-local-area-guide-map [Status: 200]
🚀 [36mIndexing Pushed:[0m https://krisalaventis.in/krisala-aventis-tathawade-local-pune-review-hindi-marathi [Status: 200]
🚀 [36mIndexing Pushed:[0m https://krisalaventis.in/krisala-aventis-tathawade-luxury-specifications-aluform [Status: 200]
🚀 [36mIndexing Pushed:[0m https://krisalaventis.in/krisala-aventis-tathawade-marathi-mahiti [Status: 200]
🚀 [36mIndexing Pushed:[0m https://krisalaventis.in/krisala-aventis-tathawade-market-growth-calculator [Status: 200]
🚀 [36mIndexing Pushed:[0m https://krisalaventis.in/krisala-aventis-tathawade-near-aditya-birla-hospital [Status: 200]
🚀 [36mIndexing Pushed:[0m https://krisalaventis.in/krisala-aventis-tathawade-near-bhujbal-chowk [Status: 200]
🚀 [36mIndexing Pushed:[0m https://krisalaventis.in/krisala-aventis-tathawade-near-jspm-university [Status: 200]
🚀 [36mIndexing Pushed:[0m https://krisalaventis.in/krisala-aventis-tathawade-near-mumbai-pune-expressway [Status: 200]
🚀 [36mIndexing Pushed:[0m https://krisalaventis.in/krisala-aventis-tathawade-near-phoenix-mall-wakad [Status: 200]
🚀 [36mIndexing Pushed:[0m https://krisalaventis.in/krisala-aventis-tathawade-near-shakai-circle [Status: 200]
🚀 [36mIndexing Pushed:[0m https://krisalaventis.in/krisala-aventis-tathawade-nri-investment [Status: 200]
🚀 [36mIndexing Pushed:[0m https://krisalaventis.in/krisala-aventis-tathawade-possession-timeline-2026 [Status: 200]
🚀 [36mIndexing Pushed:[0m https://krisalaventis.in/krisala-aventis-tathawade-price-list [Status: 200]
🚀 [36mIndexing Pushed:[0m https://krisalaventis.in/krisala-aventis-tathawade-privacy-policy [Status: 200]
🚀 [36mIndexing Pushed:[0m https://krisalaventis.in/krisala-aventis-tathawade-public-transport [Status: 200]
🚀 [36mIndexing Pushed:[0m https://krisalaventis.in/krisala-aventis-tathawade-real-estate-glossary [Status: 200]
🚀 [36mIndexing Pushed:[0m https://krisalaventis.in/krisala-aventis-tathawade-smart-study-homes [Status: 200]
🚀 [36mIndexing Pushed:[0m https://krisalaventis.in/krisala-aventis-tathawade-terms-conditions [Status: 200]
🚀 [36mIndexing Pushed:[0m https://krisalaventis.in/krisala-aventis-tathawade-vastu-compliance [Status: 200]
🚀 [36mIndexing Pushed:[0m https://krisalaventis.in/sitemap-html [Status: 200]
🚀 [36mIndexing Pushed:[0m https://krisalaventis.in/tathawade-real-estate-investment-guide [Status: 200]
🚀 [36mIndexing Pushed:[0m https://krisalaventis.in/wakad-vs-tathawade-property-analysis [Status: 200]
[32m✨ All high-intent URLs pushed to Google Search Console.[0m
>> Running IndexNow Protocol...
✅ IndexNow Protocol Execution SUCCESS.
🚀 Blasted 44 URLs to Bing, Yahoo, DuckDuckGo, and Yandex.
Sovereign Sweep Completed: Sat Jun 27 16:07:59 IST 2026
=====================================================
=====================================================
Sovereign Sweep Initiated: Sat Jun 27 22:31:07 IST 2026
>> Running Google Indexing Protocol...
[32m✅ Authorized with Google Indexing API[0m
🚀 [36mIndexing Pushed:[0m https://krisalaventis.in/ [Status: 200]
🚀 [36mIndexing Pushed:[0m https://krisalaventis.in/krisala-aventis-premium-living-review [Status: 200]
🚀 [36mIndexing Pushed:[0m https://krisalaventis.in/krisala-aventis-special-offer [Status: 200]
🚀 [36mIndexing Pushed:[0m https://krisalaventis.in/krisala-aventis-tathawade-2-bhk-flats [Status: 200]
🚀 [36mIndexing Pushed:[0m https://krisalaventis.in/krisala-aventis-tathawade-3-bhk-luxury-apartments [Status: 200]
🚀 [36mIndexing Pushed:[0m https://krisalaventis.in/krisala-aventis-tathawade-aluform-technology [Status: 200]
🚀 [36mIndexing Pushed:[0m https://krisalaventis.in/krisala-aventis-tathawade-amenities-lifestyle [Status: 200]
🚀 [36mIndexing Pushed:[0m https://krisalaventis.in/krisala-aventis-tathawade-brochure-download [Status: 200]
🚀 [36mIndexing Pushed:[0m https://krisalaventis.in/krisala-aventis-tathawade-competitor-comparison [Status: 200]
🚀 [36mIndexing Pushed:[0m https://krisalaventis.in/krisala-aventis-tathawade-connectivity-it-hubs [Status: 200]
🚀 [36mIndexing Pushed:[0m https://krisalaventis.in/krisala-aventis-tathawade-construction-status [Status: 200]
🚀 [36mIndexing Pushed:[0m https://krisalaventis.in/krisala-aventis-tathawade-cost-sheet-estimator [Status: 200]
🚀 [36mIndexing Pushed:[0m https://krisalaventis.in/krisala-aventis-tathawade-customer-reviews-testimonials [Status: 200]
🚀 [36mIndexing Pushed:[0m https://krisalaventis.in/krisala-aventis-tathawade-developer-legacy [Status: 200]
🚀 [36mIndexing Pushed:[0m https://krisalaventis.in/krisala-aventis-tathawade-educational-hubs [Status: 200]
🚀 [36mIndexing Pushed:[0m https://krisalaventis.in/krisala-aventis-tathawade-flats-near-hinjewadi [Status: 200]
🚀 [36mIndexing Pushed:[0m https://krisalaventis.in/krisala-aventis-tathawade-growth-story-roi-2026 [Status: 200]
🚀 [36mIndexing Pushed:[0m https://krisalaventis.in/krisala-aventis-tathawade-hindi-janakari [Status: 200]
🚀 [36mIndexing Pushed:[0m https://krisalaventis.in/krisala-aventis-tathawade-home-loan-emi-calculator [Status: 200]
🚀 [36mIndexing Pushed:[0m https://krisalaventis.in/krisala-aventis-tathawade-investment-roi [Status: 200]
🚀 [36mIndexing Pushed:[0m https://krisalaventis.in/krisala-aventis-tathawade-lifestyle-it-park-proximity [Status: 200]
🚀 [36mIndexing Pushed:[0m https://krisalaventis.in/krisala-aventis-tathawade-local-area-guide-map [Status: 200]
🚀 [36mIndexing Pushed:[0m https://krisalaventis.in/krisala-aventis-tathawade-local-pune-review-hindi-marathi [Status: 200]
🚀 [36mIndexing Pushed:[0m https://krisalaventis.in/krisala-aventis-tathawade-luxury-specifications-aluform [Status: 200]
🚀 [36mIndexing Pushed:[0m https://krisalaventis.in/krisala-aventis-tathawade-marathi-mahiti [Status: 200]
🚀 [36mIndexing Pushed:[0m https://krisalaventis.in/krisala-aventis-tathawade-market-growth-calculator [Status: 200]
🚀 [36mIndexing Pushed:[0m https://krisalaventis.in/krisala-aventis-tathawade-near-aditya-birla-hospital [Status: 200]
🚀 [36mIndexing Pushed:[0m https://krisalaventis.in/krisala-aventis-tathawade-near-bhujbal-chowk [Status: 200]
🚀 [36mIndexing Pushed:[0m https://krisalaventis.in/krisala-aventis-tathawade-near-jspm-university [Status: 200]
🚀 [36mIndexing Pushed:[0m https://krisalaventis.in/krisala-aventis-tathawade-near-mumbai-pune-expressway [Status: 200]
🚀 [36mIndexing Pushed:[0m https://krisalaventis.in/krisala-aventis-tathawade-near-phoenix-mall-wakad [Status: 200]
🚀 [36mIndexing Pushed:[0m https://krisalaventis.in/krisala-aventis-tathawade-near-shakai-circle [Status: 200]
🚀 [36mIndexing Pushed:[0m https://krisalaventis.in/krisala-aventis-tathawade-nri-investment [Status: 200]
🚀 [36mIndexing Pushed:[0m https://krisalaventis.in/krisala-aventis-tathawade-possession-timeline-2026 [Status: 200]
🚀 [36mIndexing Pushed:[0m https://krisalaventis.in/krisala-aventis-tathawade-price-list [Status: 200]
🚀 [36mIndexing Pushed:[0m https://krisalaventis.in/krisala-aventis-tathawade-privacy-policy [Status: 200]
🚀 [36mIndexing Pushed:[0m https://krisalaventis.in/krisala-aventis-tathawade-public-transport [Status: 200]
🚀 [36mIndexing Pushed:[0m https://krisalaventis.in/krisala-aventis-tathawade-real-estate-glossary [Status: 200]
🚀 [36mIndexing Pushed:[0m https://krisalaventis.in/krisala-aventis-tathawade-smart-study-homes [Status: 200]
🚀 [36mIndexing Pushed:[0m https://krisalaventis.in/krisala-aventis-tathawade-terms-conditions [Status: 200]
🚀 [36mIndexing Pushed:[0m https://krisalaventis.in/krisala-aventis-tathawade-vastu-compliance [Status: 200]
🚀 [36mIndexing Pushed:[0m https://krisalaventis.in/sitemap-html [Status: 200]
🚀 [36mIndexing Pushed:[0m https://krisalaventis.in/tathawade-real-estate-investment-guide [Status: 200]
🚀 [36mIndexing Pushed:[0m https://krisalaventis.in/wakad-vs-tathawade-property-analysis [Status: 200]
[32m✨ All high-intent URLs pushed to Google Search Console.[0m
>> Running IndexNow Protocol...
✅ IndexNow Protocol Execution SUCCESS.
🚀 Blasted 44 URLs to Bing, Yahoo, DuckDuckGo, and Yandex.
Sovereign Sweep Completed: Sat Jun 27 22:31:49 IST 2026
=====================================================
=====================================================
Sovereign Sweep Initiated: Sat Jun 27 23:17:04 IST 2026
>> Running Google Indexing Protocol...
[32m✅ Authorized with Google Indexing API[0m
🚀 [36mIndexing Pushed:[0m https://krisalaventis.in/ [Status: 200]
🚀 [36mIndexing Pushed:[0m https://krisalaventis.in/krisala-aventis-premium-living-review [Status: 200]
🚀 [36mIndexing Pushed:[0m https://krisalaventis.in/krisala-aventis-special-offer [Status: 200]
🚀 [36mIndexing Pushed:[0m https://krisalaventis.in/krisala-aventis-tathawade-2-bhk-flats [Status: 200]
🚀 [36mIndexing Pushed:[0m https://krisalaventis.in/krisala-aventis-tathawade-3-bhk-luxury-apartments [Status: 200]
🚀 [36mIndexing Pushed:[0m https://krisalaventis.in/krisala-aventis-tathawade-aluform-technology [Status: 200]
🚀 [36mIndexing Pushed:[0m https://krisalaventis.in/krisala-aventis-tathawade-amenities-lifestyle [Status: 200]
🚀 [36mIndexing Pushed:[0m https://krisalaventis.in/krisala-aventis-tathawade-brochure-download [Status: 200]
🚀 [36mIndexing Pushed:[0m https://krisalaventis.in/krisala-aventis-tathawade-competitor-comparison [Status: 200]
🚀 [36mIndexing Pushed:[0m https://krisalaventis.in/krisala-aventis-tathawade-connectivity-it-hubs [Status: 200]
🚀 [36mIndexing Pushed:[0m https://krisalaventis.in/krisala-aventis-tathawade-construction-status [Status: 200]
🚀 [36mIndexing Pushed:[0m https://krisalaventis.in/krisala-aventis-tathawade-cost-sheet-estimator [Status: 200]
🚀 [36mIndexing Pushed:[0m https://krisalaventis.in/krisala-aventis-tathawade-customer-reviews-testimonials [Status: 200]
🚀 [36mIndexing Pushed:[0m https://krisalaventis.in/krisala-aventis-tathawade-developer-legacy [Status: 200]
🚀 [36mIndexing Pushed:[0m https://krisalaventis.in/krisala-aventis-tathawade-educational-hubs [Status: 200]
🚀 [36mIndexing Pushed:[0m https://krisalaventis.in/krisala-aventis-tathawade-flats-near-hinjewadi [Status: 200]
🚀 [36mIndexing Pushed:[0m https://krisalaventis.in/krisala-aventis-tathawade-growth-story-roi-2026 [Status: 200]
🚀 [36mIndexing Pushed:[0m https://krisalaventis.in/krisala-aventis-tathawade-hindi-janakari [Status: 200]
🚀 [36mIndexing Pushed:[0m https://krisalaventis.in/krisala-aventis-tathawade-home-loan-emi-calculator [Status: 200]
🚀 [36mIndexing Pushed:[0m https://krisalaventis.in/krisala-aventis-tathawade-investment-roi [Status: 200]
🚀 [36mIndexing Pushed:[0m https://krisalaventis.in/krisala-aventis-tathawade-lifestyle-it-park-proximity [Status: 200]
🚀 [36mIndexing Pushed:[0m https://krisalaventis.in/krisala-aventis-tathawade-local-area-guide-map [Status: 200]
🚀 [36mIndexing Pushed:[0m https://krisalaventis.in/krisala-aventis-tathawade-local-pune-review-hindi-marathi [Status: 200]
🚀 [36mIndexing Pushed:[0m https://krisalaventis.in/krisala-aventis-tathawade-luxury-specifications-aluform [Status: 200]
🚀 [36mIndexing Pushed:[0m https://krisalaventis.in/krisala-aventis-tathawade-marathi-mahiti [Status: 200]
🚀 [36mIndexing Pushed:[0m https://krisalaventis.in/krisala-aventis-tathawade-market-growth-calculator [Status: 200]
🚀 [36mIndexing Pushed:[0m https://krisalaventis.in/krisala-aventis-tathawade-near-aditya-birla-hospital [Status: 200]
🚀 [36mIndexing Pushed:[0m https://krisalaventis.in/krisala-aventis-tathawade-near-bhujbal-chowk [Status: 200]
🚀 [36mIndexing Pushed:[0m https://krisalaventis.in/krisala-aventis-tathawade-near-jspm-university [Status: 200]
🚀 [36mIndexing Pushed:[0m https://krisalaventis.in/krisala-aventis-tathawade-near-mumbai-pune-expressway [Status: 200]
🚀 [36mIndexing Pushed:[0m https://krisalaventis.in/krisala-aventis-tathawade-near-phoenix-mall-wakad [Status: 200]
🚀 [36mIndexing Pushed:[0m https://krisalaventis.in/krisala-aventis-tathawade-near-shakai-circle [Status: 200]
🚀 [36mIndexing Pushed:[0m https://krisalaventis.in/krisala-aventis-tathawade-nri-investment [Status: 200]
🚀 [36mIndexing Pushed:[0m https://krisalaventis.in/krisala-aventis-tathawade-possession-timeline-2026 [Status: 200]
🚀 [36mIndexing Pushed:[0m https://krisalaventis.in/krisala-aventis-tathawade-price-list [Status: 200]
🚀 [36mIndexing Pushed:[0m https://krisalaventis.in/krisala-aventis-tathawade-privacy-policy [Status: 200]
🚀 [36mIndexing Pushed:[0m https://krisalaventis.in/krisala-aventis-tathawade-public-transport [Status: 200]
🚀 [36mIndexing Pushed:[0m https://krisalaventis.in/krisala-aventis-tathawade-real-estate-glossary [Status: 200]
🚀 [36mIndexing Pushed:[0m https://krisalaventis.in/krisala-aventis-tathawade-smart-study-homes [Status: 200]
🚀 [36mIndexing Pushed:[0m https://krisalaventis.in/krisala-aventis-tathawade-terms-conditions [Status: 200]
🚀 [36mIndexing Pushed:[0m https://krisalaventis.in/krisala-aventis-tathawade-vastu-compliance [Status: 200]
🚀 [36mIndexing Pushed:[0m https://krisalaventis.in/sitemap-html [Status: 200]
🚀 [36mIndexing Pushed:[0m https://krisalaventis.in/tathawade-real-estate-investment-guide [Status: 200]
🚀 [36mIndexing Pushed:[0m https://krisalaventis.in/wakad-vs-tathawade-property-analysis [Status: 200]
[32m✨ All high-intent URLs pushed to Google Search Console.[0m
>> Running IndexNow Protocol...
✅ IndexNow Protocol Execution SUCCESS.
🚀 Blasted 44 URLs to Bing, Yahoo, DuckDuckGo, and Yandex.
Sovereign Sweep Completed: Sat Jun 27 23:17:45 IST 2026
=====================================================
=====================================================
Sovereign Sweep Initiated: Sun Jun 28 00:00:01 IST 2026
>> Running Google Indexing Protocol...
[32m✅ Authorized with Google Indexing API[0m
🚀 [36mIndexing Pushed:[0m https://krisalaventis.in/ [Status: 200]
🚀 [36mIndexing Pushed:[0m https://krisalaventis.in/krisala-aventis-premium-living-review [Status: 200]
🚀 [36mIndexing Pushed:[0m https://krisalaventis.in/krisala-aventis-special-offer [Status: 200]
🚀 [36mIndexing Pushed:[0m https://krisalaventis.in/krisala-aventis-tathawade-2-bhk-flats [Status: 200]
🚀 [36mIndexing Pushed:[0m https://krisalaventis.in/krisala-aventis-tathawade-3-bhk-luxury-apartments [Status: 200]
🚀 [36mIndexing Pushed:[0m https://krisalaventis.in/krisala-aventis-tathawade-aluform-technology [Status: 200]
🚀 [36mIndexing Pushed:[0m https://krisalaventis.in/krisala-aventis-tathawade-amenities-lifestyle [Status: 200]
🚀 [36mIndexing Pushed:[0m https://krisalaventis.in/krisala-aventis-tathawade-brochure-download [Status: 200]
🚀 [36mIndexing Pushed:[0m https://krisalaventis.in/krisala-aventis-tathawade-competitor-comparison [Status: 200]
🚀 [36mIndexing Pushed:[0m https://krisalaventis.in/krisala-aventis-tathawade-connectivity-it-hubs [Status: 200]
🚀 [36mIndexing Pushed:[0m https://krisalaventis.in/krisala-aventis-tathawade-construction-status [Status: 200]
🚀 [36mIndexing Pushed:[0m https://krisalaventis.in/krisala-aventis-tathawade-cost-sheet-estimator [Status: 200]
🚀 [36mIndexing Pushed:[0m https://krisalaventis.in/krisala-aventis-tathawade-customer-reviews-testimonials [Status: 200]
🚀 [36mIndexing Pushed:[0m https://krisalaventis.in/krisala-aventis-tathawade-developer-legacy [Status: 200]
🚀 [36mIndexing Pushed:[0m https://krisalaventis.in/krisala-aventis-tathawade-educational-hubs [Status: 200]
🚀 [36mIndexing Pushed:[0m https://krisalaventis.in/krisala-aventis-tathawade-flats-near-hinjewadi [Status: 200]
🚀 [36mIndexing Pushed:[0m https://krisalaventis.in/krisala-aventis-tathawade-growth-story-roi-2026 [Status: 200]
🚀 [36mIndexing Pushed:[0m https://krisalaventis.in/krisala-aventis-tathawade-hindi-janakari [Status: 200]
🚀 [36mIndexing Pushed:[0m https://krisalaventis.in/krisala-aventis-tathawade-home-loan-emi-calculator [Status: 200]
🚀 [36mIndexing Pushed:[0m https://krisalaventis.in/krisala-aventis-tathawade-investment-roi [Status: 200]
🚀 [36mIndexing Pushed:[0m https://krisalaventis.in/krisala-aventis-tathawade-lifestyle-it-park-proximity [Status: 200]
🚀 [36mIndexing Pushed:[0m https://krisalaventis.in/krisala-aventis-tathawade-local-area-guide-map [Status: 200]
🚀 [36mIndexing Pushed:[0m https://krisalaventis.in/krisala-aventis-tathawade-local-pune-review-hindi-marathi [Status: 200]
🚀 [36mIndexing Pushed:[0m https://krisalaventis.in/krisala-aventis-tathawade-luxury-specifications-aluform [Status: 200]
🚀 [36mIndexing Pushed:[0m https://krisalaventis.in/krisala-aventis-tathawade-marathi-mahiti [Status: 200]
🚀 [36mIndexing Pushed:[0m https://krisalaventis.in/krisala-aventis-tathawade-market-growth-calculator [Status: 200]
🚀 [36mIndexing Pushed:[0m https://krisalaventis.in/krisala-aventis-tathawade-near-aditya-birla-hospital [Status: 200]
🚀 [36mIndexing Pushed:[0m https://krisalaventis.in/krisala-aventis-tathawade-near-bhujbal-chowk [Status: 200]
🚀 [36mIndexing Pushed:[0m https://krisalaventis.in/krisala-aventis-tathawade-near-jspm-university [Status: 200]
🚀 [36mIndexing Pushed:[0m https://krisalaventis.in/krisala-aventis-tathawade-near-mumbai-pune-expressway [Status: 200]
🚀 [36mIndexing Pushed:[0m https://krisalaventis.in/krisala-aventis-tathawade-near-phoenix-mall-wakad [Status: 200]
🚀 [36mIndexing Pushed:[0m https://krisalaventis.in/krisala-aventis-tathawade-near-shakai-circle [Status: 200]
🚀 [36mIndexing Pushed:[0m https://krisalaventis.in/krisala-aventis-tathawade-nri-investment [Status: 200]
🚀 [36mIndexing Pushed:[0m https://krisalaventis.in/krisala-aventis-tathawade-possession-timeline-2026 [Status: 200]
🚀 [36mIndexing Pushed:[0m https://krisalaventis.in/krisala-aventis-tathawade-price-list [Status: 200]
🚀 [36mIndexing Pushed:[0m https://krisalaventis.in/krisala-aventis-tathawade-privacy-policy [Status: 200]
🚀 [36mIndexing Pushed:[0m https://krisalaventis.in/krisala-aventis-tathawade-public-transport [Status: 200]
🚀 [36mIndexing Pushed:[0m https://krisalaventis.in/krisala-aventis-tathawade-real-estate-glossary [Status: 200]
🚀 [36mIndexing Pushed:[0m https://krisalaventis.in/krisala-aventis-tathawade-smart-study-homes [Status: 200]
🚀 [36mIndexing Pushed:[0m https://krisalaventis.in/krisala-aventis-tathawade-terms-conditions [Status: 200]
🚀 [36mIndexing Pushed:[0m https://krisalaventis.in/krisala-aventis-tathawade-vastu-compliance [Status: 200]
🚀 [36mIndexing Pushed:[0m https://krisalaventis.in/sitemap-html [Status: 200]
🚀 [36mIndexing Pushed:[0m https://krisalaventis.in/tathawade-real-estate-investment-guide [Status: 200]
🚀 [36mIndexing Pushed:[0m https://krisalaventis.in/wakad-vs-tathawade-property-analysis [Status: 200]
[32m✨ All high-intent URLs pushed to Google Search Console.[0m
>> Running IndexNow Protocol...
✅ IndexNow Protocol Execution SUCCESS.
🚀 Blasted 52 URLs to Bing, Yahoo, DuckDuckGo, and Yandex.
Sovereign Sweep Completed: Sun Jun 28 00:00:44 IST 2026
=====================================================
=====================================================
Sovereign Sweep Initiated: Wed Jul  1 00:00:01 IST 2026
>> Running Google Indexing Protocol...
[32m✅ Authorized with Google Indexing API[0m
🚀 [36mIndexing Pushed:[0m https://krisalaventis.in/best-3-bhk-under-1-5-crore-pune-2026 [Status: 200]
🚀 [36mIndexing Pushed:[0m https://krisalaventis.in/how-to-buy-flat-in-west-pune-guide-2026 [Status: 200]
🚀 [36mIndexing Pushed:[0m https://krisalaventis.in/ [Status: 200]
🚀 [36mIndexing Pushed:[0m https://krisalaventis.in/krisala-aventis-premium-living-review [Status: 200]
🚀 [36mIndexing Pushed:[0m https://krisalaventis.in/krisala-aventis-special-offer [Status: 200]
🚀 [36mIndexing Pushed:[0m https://krisalaventis.in/krisala-aventis-tathawade-2-bhk-flats [Status: 200]
🚀 [36mIndexing Pushed:[0m https://krisalaventis.in/krisala-aventis-tathawade-3-bhk-luxury-apartments [Status: 200]
🚀 [36mIndexing Pushed:[0m https://krisalaventis.in/krisala-aventis-tathawade-aluform-technology [Status: 200]
🚀 [36mIndexing Pushed:[0m https://krisalaventis.in/krisala-aventis-tathawade-amenities-lifestyle [Status: 200]
🚀 [36mIndexing Pushed:[0m https://krisalaventis.in/krisala-aventis-tathawade-brochure-download [Status: 200]
🚀 [36mIndexing Pushed:[0m https://krisalaventis.in/krisala-aventis-tathawade-competitor-comparison [Status: 200]
🚀 [36mIndexing Pushed:[0m https://krisalaventis.in/krisala-aventis-tathawade-connectivity-it-hubs [Status: 200]
🚀 [36mIndexing Pushed:[0m https://krisalaventis.in/krisala-aventis-tathawade-construction-status [Status: 200]
🚀 [36mIndexing Pushed:[0m https://krisalaventis.in/krisala-aventis-tathawade-cost-sheet-estimator [Status: 200]
🚀 [36mIndexing Pushed:[0m https://krisalaventis.in/krisala-aventis-tathawade-customer-reviews-testimonials [Status: 200]
🚀 [36mIndexing Pushed:[0m https://krisalaventis.in/krisala-aventis-tathawade-developer-legacy [Status: 200]
🚀 [36mIndexing Pushed:[0m https://krisalaventis.in/krisala-aventis-tathawade-educational-hubs [Status: 200]
🚀 [36mIndexing Pushed:[0m https://krisalaventis.in/krisala-aventis-tathawade-flats-near-hinjewadi [Status: 200]
🚀 [36mIndexing Pushed:[0m https://krisalaventis.in/krisala-aventis-tathawade-growth-story-roi-2026 [Status: 200]
🚀 [36mIndexing Pushed:[0m https://krisalaventis.in/krisala-aventis-tathawade-hindi-janakari [Status: 200]
🚀 [36mIndexing Pushed:[0m https://krisalaventis.in/krisala-aventis-tathawade-home-loan-emi-calculator [Status: 200]
🚀 [36mIndexing Pushed:[0m https://krisalaventis.in/krisala-aventis-tathawade-investment-roi [Status: 200]
🚀 [36mIndexing Pushed:[0m https://krisalaventis.in/krisala-aventis-tathawade-lifestyle-it-park-proximity [Status: 200]
🚀 [36mIndexing Pushed:[0m https://krisalaventis.in/krisala-aventis-tathawade-local-area-guide-map [Status: 200]
🚀 [36mIndexing Pushed:[0m https://krisalaventis.in/krisala-aventis-tathawade-local-pune-review-hindi-marathi [Status: 200]
🚀 [36mIndexing Pushed:[0m https://krisalaventis.in/krisala-aventis-tathawade-luxury-specifications-aluform [Status: 200]
🚀 [36mIndexing Pushed:[0m https://krisalaventis.in/krisala-aventis-tathawade-marathi-mahiti [Status: 200]
🚀 [36mIndexing Pushed:[0m https://krisalaventis.in/krisala-aventis-tathawade-market-growth-calculator [Status: 200]
🚀 [36mIndexing Pushed:[0m https://krisalaventis.in/krisala-aventis-tathawade-near-aditya-birla-hospital [Status: 200]
🚀 [36mIndexing Pushed:[0m https://krisalaventis.in/krisala-aventis-tathawade-near-bhujbal-chowk [Status: 200]
🚀 [36mIndexing Pushed:[0m https://krisalaventis.in/krisala-aventis-tathawade-near-jspm-university [Status: 200]
🚀 [36mIndexing Pushed:[0m https://krisalaventis.in/krisala-aventis-tathawade-near-mumbai-pune-expressway [Status: 200]
🚀 [36mIndexing Pushed:[0m https://krisalaventis.in/krisala-aventis-tathawade-near-phoenix-mall-wakad [Status: 200]
🚀 [36mIndexing Pushed:[0m https://krisalaventis.in/krisala-aventis-tathawade-near-shakai-circle [Status: 200]
🚀 [36mIndexing Pushed:[0m https://krisalaventis.in/krisala-aventis-tathawade-nri-investment [Status: 200]
🚀 [36mIndexing Pushed:[0m https://krisalaventis.in/krisala-aventis-tathawade-possession-timeline-2026 [Status: 200]
🚀 [36mIndexing Pushed:[0m https://krisalaventis.in/krisala-aventis-tathawade-price-list [Status: 200]
🚀 [36mIndexing Pushed:[0m https://krisalaventis.in/krisala-aventis-tathawade-privacy-policy [Status: 200]
🚀 [36mIndexing Pushed:[0m https://krisalaventis.in/krisala-aventis-tathawade-public-transport [Status: 200]
🚀 [36mIndexing Pushed:[0m https://krisalaventis.in/krisala-aventis-tathawade-real-estate-glossary [Status: 200]
🚀 [36mIndexing Pushed:[0m https://krisalaventis.in/krisala-aventis-tathawade-site-visit-book [Status: 200]
🚀 [36mIndexing Pushed:[0m https://krisalaventis.in/krisala-aventis-tathawade-smart-study-homes [Status: 200]
🚀 [36mIndexing Pushed:[0m https://krisalaventis.in/krisala-aventis-tathawade-terms-conditions [Status: 200]
🚀 [36mIndexing Pushed:[0m https://krisalaventis.in/krisala-aventis-tathawade-vastu-compliance [Status: 200]
🚀 [36mIndexing Pushed:[0m https://krisalaventis.in/krisala-aventis-vs-godrej-tathawade [Status: 200]
🚀 [36mIndexing Pushed:[0m https://krisalaventis.in/krisala-aventis-vs-kolte-patil-tathawade [Status: 200]
🚀 [36mIndexing Pushed:[0m https://krisalaventis.in/pcmc-luxury-apartments-tathawade-2026 [Status: 200]
🚀 [36mIndexing Pushed:[0m https://krisalaventis.in/residential-flats-near-hinjewadi-phase-3 [Status: 200]
🚀 [36mIndexing Pushed:[0m https://krisalaventis.in/sitemap-html [Status: 200]
🚀 [36mIndexing Pushed:[0m https://krisalaventis.in/tathawade-real-estate-investment-guide [Status: 200]
🚀 [36mIndexing Pushed:[0m https://krisalaventis.in/tathawade-vs-baner-property-2026 [Status: 200]
🚀 [36mIndexing Pushed:[0m https://krisalaventis.in/wakad-vs-tathawade-property-analysis [Status: 200]
[32m✨ All high-intent URLs pushed to Google Search Console.[0m
>> Running IndexNow Protocol...
✅ IndexNow Protocol Execution SUCCESS.
🚀 Blasted 52 URLs to Bing, Yahoo, DuckDuckGo, and Yandex.
Sovereign Sweep Completed: Wed Jul  1 00:00:54 IST 2026
=====================================================
=====================================================
Sovereign Sweep Initiated: Fri Jul  3 00:00:01 IST 2026
>> Running Google Indexing Protocol...
[32m✅ Authorized with Google Indexing API[0m
🚀 [36mIndexing Pushed:[0m https://krisalaventis.in/best-3-bhk-under-1-5-crore-pune-2026 [Status: 200]
🚀 [36mIndexing Pushed:[0m https://krisalaventis.in/how-to-buy-flat-in-west-pune-guide-2026 [Status: 200]
🚀 [36mIndexing Pushed:[0m https://krisalaventis.in/ [Status: 200]
🚀 [36mIndexing Pushed:[0m https://krisalaventis.in/krisala-aventis-premium-living-review [Status: 200]
🚀 [36mIndexing Pushed:[0m https://krisalaventis.in/krisala-aventis-special-offer [Status: 200]
🚀 [36mIndexing Pushed:[0m https://krisalaventis.in/krisala-aventis-tathawade-2-bhk-flats [Status: 200]
🚀 [36mIndexing Pushed:[0m https://krisalaventis.in/krisala-aventis-tathawade-3-bhk-luxury-apartments [Status: 200]
🚀 [36mIndexing Pushed:[0m https://krisalaventis.in/krisala-aventis-tathawade-aluform-technology [Status: 200]
🚀 [36mIndexing Pushed:[0m https://krisalaventis.in/krisala-aventis-tathawade-amenities-lifestyle [Status: 200]
🚀 [36mIndexing Pushed:[0m https://krisalaventis.in/krisala-aventis-tathawade-brochure-download [Status: 200]
🚀 [36mIndexing Pushed:[0m https://krisalaventis.in/krisala-aventis-tathawade-competitor-comparison [Status: 200]
🚀 [36mIndexing Pushed:[0m https://krisalaventis.in/krisala-aventis-tathawade-connectivity-it-hubs [Status: 200]
🚀 [36mIndexing Pushed:[0m https://krisalaventis.in/krisala-aventis-tathawade-construction-status [Status: 200]
🚀 [36mIndexing Pushed:[0m https://krisalaventis.in/krisala-aventis-tathawade-cost-sheet-estimator [Status: 200]
🚀 [36mIndexing Pushed:[0m https://krisalaventis.in/krisala-aventis-tathawade-customer-reviews-testimonials [Status: 200]
🚀 [36mIndexing Pushed:[0m https://krisalaventis.in/krisala-aventis-tathawade-developer-legacy [Status: 200]
🚀 [36mIndexing Pushed:[0m https://krisalaventis.in/krisala-aventis-tathawade-educational-hubs [Status: 200]
🚀 [36mIndexing Pushed:[0m https://krisalaventis.in/krisala-aventis-tathawade-flats-near-hinjewadi [Status: 200]
🚀 [36mIndexing Pushed:[0m https://krisalaventis.in/krisala-aventis-tathawade-growth-story-roi-2026 [Status: 200]
🚀 [36mIndexing Pushed:[0m https://krisalaventis.in/krisala-aventis-tathawade-hindi-janakari [Status: 200]
🚀 [36mIndexing Pushed:[0m https://krisalaventis.in/krisala-aventis-tathawade-home-loan-emi-calculator [Status: 200]
🚀 [36mIndexing Pushed:[0m https://krisalaventis.in/krisala-aventis-tathawade-investment-roi [Status: 200]
🚀 [36mIndexing Pushed:[0m https://krisalaventis.in/krisala-aventis-tathawade-lifestyle-it-park-proximity [Status: 200]
🚀 [36mIndexing Pushed:[0m https://krisalaventis.in/krisala-aventis-tathawade-local-area-guide-map [Status: 200]
🚀 [36mIndexing Pushed:[0m https://krisalaventis.in/krisala-aventis-tathawade-local-pune-review-hindi-marathi [Status: 200]
🚀 [36mIndexing Pushed:[0m https://krisalaventis.in/krisala-aventis-tathawade-luxury-specifications-aluform [Status: 200]
🚀 [36mIndexing Pushed:[0m https://krisalaventis.in/krisala-aventis-tathawade-marathi-mahiti [Status: 200]
🚀 [36mIndexing Pushed:[0m https://krisalaventis.in/krisala-aventis-tathawade-market-growth-calculator [Status: 200]
🚀 [36mIndexing Pushed:[0m https://krisalaventis.in/krisala-aventis-tathawade-near-aditya-birla-hospital [Status: 200]
🚀 [36mIndexing Pushed:[0m https://krisalaventis.in/krisala-aventis-tathawade-near-bhujbal-chowk [Status: 200]
🚀 [36mIndexing Pushed:[0m https://krisalaventis.in/krisala-aventis-tathawade-near-jspm-university [Status: 200]
🚀 [36mIndexing Pushed:[0m https://krisalaventis.in/krisala-aventis-tathawade-near-mumbai-pune-expressway [Status: 200]
🚀 [36mIndexing Pushed:[0m https://krisalaventis.in/krisala-aventis-tathawade-near-phoenix-mall-wakad [Status: 200]
🚀 [36mIndexing Pushed:[0m https://krisalaventis.in/krisala-aventis-tathawade-near-shakai-circle [Status: 200]
🚀 [36mIndexing Pushed:[0m https://krisalaventis.in/krisala-aventis-tathawade-nri-investment [Status: 200]
🚀 [36mIndexing Pushed:[0m https://krisalaventis.in/krisala-aventis-tathawade-possession-timeline-2026 [Status: 200]
🚀 [36mIndexing Pushed:[0m https://krisalaventis.in/krisala-aventis-tathawade-price-list [Status: 200]
🚀 [36mIndexing Pushed:[0m https://krisalaventis.in/krisala-aventis-tathawade-privacy-policy [Status: 200]
🚀 [36mIndexing Pushed:[0m https://krisalaventis.in/krisala-aventis-tathawade-public-transport [Status: 200]
🚀 [36mIndexing Pushed:[0m https://krisalaventis.in/krisala-aventis-tathawade-real-estate-glossary [Status: 200]
🚀 [36mIndexing Pushed:[0m https://krisalaventis.in/krisala-aventis-tathawade-site-visit-book [Status: 200]
🚀 [36mIndexing Pushed:[0m https://krisalaventis.in/krisala-aventis-tathawade-smart-study-homes [Status: 200]
🚀 [36mIndexing Pushed:[0m https://krisalaventis.in/krisala-aventis-tathawade-terms-conditions [Status: 200]
🚀 [36mIndexing Pushed:[0m https://krisalaventis.in/krisala-aventis-tathawade-vastu-compliance [Status: 200]
🚀 [36mIndexing Pushed:[0m https://krisalaventis.in/krisala-aventis-vs-godrej-tathawade [Status: 200]
🚀 [36mIndexing Pushed:[0m https://krisalaventis.in/krisala-aventis-vs-kolte-patil-tathawade [Status: 200]
🚀 [36mIndexing Pushed:[0m https://krisalaventis.in/pcmc-luxury-apartments-tathawade-2026 [Status: 200]
🚀 [36mIndexing Pushed:[0m https://krisalaventis.in/residential-flats-near-hinjewadi-phase-3 [Status: 200]
🚀 [36mIndexing Pushed:[0m https://krisalaventis.in/sitemap-html [Status: 200]
🚀 [36mIndexing Pushed:[0m https://krisalaventis.in/tathawade-real-estate-investment-guide [Status: 200]
🚀 [36mIndexing Pushed:[0m https://krisalaventis.in/tathawade-vs-baner-property-2026 [Status: 200]
🚀 [36mIndexing Pushed:[0m https://krisalaventis.in/wakad-vs-tathawade-property-analysis [Status: 200]
[32m✨ All high-intent URLs pushed to Google Search Console.[0m
>> Running IndexNow Protocol...
✅ IndexNow Protocol Execution SUCCESS.
🚀 Blasted 52 URLs to Bing, Yahoo, DuckDuckGo, and Yandex.
Sovereign Sweep Completed: Fri Jul  3 00:00:53 IST 2026
=====================================================
=====================================================
Sovereign Sweep Initiated: Sun Jul  5 00:00:01 IST 2026
>> Running Google Indexing Protocol...
[32m✅ Authorized with Google Indexing API[0m
🚀 [36mIndexing Pushed:[0m https://krisalaventis.in/best-3-bhk-under-1-5-crore-pune-2026 [Status: 200]
🚀 [36mIndexing Pushed:[0m https://krisalaventis.in/how-to-buy-flat-in-west-pune-guide-2026 [Status: 200]
🚀 [36mIndexing Pushed:[0m https://krisalaventis.in/ [Status: 200]
🚀 [36mIndexing Pushed:[0m https://krisalaventis.in/krisala-aventis-premium-living-review [Status: 200]
🚀 [36mIndexing Pushed:[0m https://krisalaventis.in/krisala-aventis-special-offer [Status: 200]
🚀 [36mIndexing Pushed:[0m https://krisalaventis.in/krisala-aventis-tathawade-2-bhk-flats [Status: 200]
🚀 [36mIndexing Pushed:[0m https://krisalaventis.in/krisala-aventis-tathawade-3-bhk-luxury-apartments [Status: 200]
🚀 [36mIndexing Pushed:[0m https://krisalaventis.in/krisala-aventis-tathawade-aluform-technology [Status: 200]
🚀 [36mIndexing Pushed:[0m https://krisalaventis.in/krisala-aventis-tathawade-amenities-lifestyle [Status: 200]
🚀 [36mIndexing Pushed:[0m https://krisalaventis.in/krisala-aventis-tathawade-brochure-download [Status: 200]
🚀 [36mIndexing Pushed:[0m https://krisalaventis.in/krisala-aventis-tathawade-competitor-comparison [Status: 200]
🚀 [36mIndexing Pushed:[0m https://krisalaventis.in/krisala-aventis-tathawade-connectivity-it-hubs [Status: 200]
🚀 [36mIndexing Pushed:[0m https://krisalaventis.in/krisala-aventis-tathawade-construction-status [Status: 200]
🚀 [36mIndexing Pushed:[0m https://krisalaventis.in/krisala-aventis-tathawade-cost-sheet-estimator [Status: 200]
🚀 [36mIndexing Pushed:[0m https://krisalaventis.in/krisala-aventis-tathawade-customer-reviews-testimonials [Status: 200]
🚀 [36mIndexing Pushed:[0m https://krisalaventis.in/krisala-aventis-tathawade-developer-legacy [Status: 200]
🚀 [36mIndexing Pushed:[0m https://krisalaventis.in/krisala-aventis-tathawade-educational-hubs [Status: 200]
🚀 [36mIndexing Pushed:[0m https://krisalaventis.in/krisala-aventis-tathawade-flats-near-hinjewadi [Status: 200]
🚀 [36mIndexing Pushed:[0m https://krisalaventis.in/krisala-aventis-tathawade-growth-story-roi-2026 [Status: 200]
🚀 [36mIndexing Pushed:[0m https://krisalaventis.in/krisala-aventis-tathawade-hindi-janakari [Status: 200]
🚀 [36mIndexing Pushed:[0m https://krisalaventis.in/krisala-aventis-tathawade-home-loan-emi-calculator [Status: 200]
🚀 [36mIndexing Pushed:[0m https://krisalaventis.in/krisala-aventis-tathawade-investment-roi [Status: 200]
🚀 [36mIndexing Pushed:[0m https://krisalaventis.in/krisala-aventis-tathawade-lifestyle-it-park-proximity [Status: 200]
🚀 [36mIndexing Pushed:[0m https://krisalaventis.in/krisala-aventis-tathawade-local-area-guide-map [Status: 200]
🚀 [36mIndexing Pushed:[0m https://krisalaventis.in/krisala-aventis-tathawade-local-pune-review-hindi-marathi [Status: 200]
🚀 [36mIndexing Pushed:[0m https://krisalaventis.in/krisala-aventis-tathawade-luxury-specifications-aluform [Status: 200]
🚀 [36mIndexing Pushed:[0m https://krisalaventis.in/krisala-aventis-tathawade-marathi-mahiti [Status: 200]
🚀 [36mIndexing Pushed:[0m https://krisalaventis.in/krisala-aventis-tathawade-market-growth-calculator [Status: 200]
🚀 [36mIndexing Pushed:[0m https://krisalaventis.in/krisala-aventis-tathawade-near-aditya-birla-hospital [Status: 200]
🚀 [36mIndexing Pushed:[0m https://krisalaventis.in/krisala-aventis-tathawade-near-bhujbal-chowk [Status: 200]
🚀 [36mIndexing Pushed:[0m https://krisalaventis.in/krisala-aventis-tathawade-near-jspm-university [Status: 200]
🚀 [36mIndexing Pushed:[0m https://krisalaventis.in/krisala-aventis-tathawade-near-mumbai-pune-expressway [Status: 200]
🚀 [36mIndexing Pushed:[0m https://krisalaventis.in/krisala-aventis-tathawade-near-phoenix-mall-wakad [Status: 200]
🚀 [36mIndexing Pushed:[0m https://krisalaventis.in/krisala-aventis-tathawade-near-shakai-circle [Status: 200]
🚀 [36mIndexing Pushed:[0m https://krisalaventis.in/krisala-aventis-tathawade-nri-investment [Status: 200]
🚀 [36mIndexing Pushed:[0m https://krisalaventis.in/krisala-aventis-tathawade-possession-timeline-2026 [Status: 200]
🚀 [36mIndexing Pushed:[0m https://krisalaventis.in/krisala-aventis-tathawade-price-list [Status: 200]
🚀 [36mIndexing Pushed:[0m https://krisalaventis.in/krisala-aventis-tathawade-privacy-policy [Status: 200]
🚀 [36mIndexing Pushed:[0m https://krisalaventis.in/krisala-aventis-tathawade-public-transport [Status: 200]
🚀 [36mIndexing Pushed:[0m https://krisalaventis.in/krisala-aventis-tathawade-real-estate-glossary [Status: 200]
🚀 [36mIndexing Pushed:[0m https://krisalaventis.in/krisala-aventis-tathawade-site-visit-book [Status: 200]
🚀 [36mIndexing Pushed:[0m https://krisalaventis.in/krisala-aventis-tathawade-smart-study-homes [Status: 200]
🚀 [36mIndexing Pushed:[0m https://krisalaventis.in/krisala-aventis-tathawade-terms-conditions [Status: 200]
🚀 [36mIndexing Pushed:[0m https://krisalaventis.in/krisala-aventis-tathawade-vastu-compliance [Status: 200]
🚀 [36mIndexing Pushed:[0m https://krisalaventis.in/krisala-aventis-vs-godrej-tathawade [Status: 200]
🚀 [36mIndexing Pushed:[0m https://krisalaventis.in/krisala-aventis-vs-kolte-patil-tathawade [Status: 200]
🚀 [36mIndexing Pushed:[0m https://krisalaventis.in/pcmc-luxury-apartments-tathawade-2026 [Status: 200]
🚀 [36mIndexing Pushed:[0m https://krisalaventis.in/residential-flats-near-hinjewadi-phase-3 [Status: 200]
🚀 [36mIndexing Pushed:[0m https://krisalaventis.in/sitemap-html [Status: 200]
🚀 [36mIndexing Pushed:[0m https://krisalaventis.in/tathawade-real-estate-investment-guide [Status: 200]
🚀 [36mIndexing Pushed:[0m https://krisalaventis.in/tathawade-vs-baner-property-2026 [Status: 200]
🚀 [36mIndexing Pushed:[0m https://krisalaventis.in/wakad-vs-tathawade-property-analysis [Status: 200]
[32m✨ All high-intent URLs pushed to Google Search Console.[0m
>> Running IndexNow Protocol...
✅ IndexNow Protocol Execution SUCCESS.
🚀 Blasted 52 URLs to Bing, Yahoo, DuckDuckGo, and Yandex.
Sovereign Sweep Completed: Sun Jul  5 00:00:59 IST 2026
=====================================================
=====================================================
Sovereign Sweep Initiated: Thu Jul  9 00:00:00 IST 2026
>> Running Google Indexing Protocol...
[32m✅ Authorized with Google Indexing API[0m
🚀 [36mIndexing Pushed:[0m https://krisalaventis.in/best-3-bhk-under-1-5-crore-pune-2026 [Status: 200]
🚀 [36mIndexing Pushed:[0m https://krisalaventis.in/how-to-buy-flat-in-west-pune-guide-2026 [Status: 200]
🚀 [36mIndexing Pushed:[0m https://krisalaventis.in/ [Status: 200]
🚀 [36mIndexing Pushed:[0m https://krisalaventis.in/krisala-aventis-premium-living-review [Status: 200]
🚀 [36mIndexing Pushed:[0m https://krisalaventis.in/krisala-aventis-special-offer [Status: 200]
🚀 [36mIndexing Pushed:[0m https://krisalaventis.in/krisala-aventis-tathawade-2-bhk-flats [Status: 200]
🚀 [36mIndexing Pushed:[0m https://krisalaventis.in/krisala-aventis-tathawade-3-bhk-luxury-apartments [Status: 200]
🚀 [36mIndexing Pushed:[0m https://krisalaventis.in/krisala-aventis-tathawade-aluform-technology [Status: 200]
🚀 [36mIndexing Pushed:[0m https://krisalaventis.in/krisala-aventis-tathawade-amenities-lifestyle [Status: 200]
🚀 [36mIndexing Pushed:[0m https://krisalaventis.in/krisala-aventis-tathawade-brochure-download [Status: 200]
🚀 [36mIndexing Pushed:[0m https://krisalaventis.in/krisala-aventis-tathawade-competitor-comparison [Status: 200]
🚀 [36mIndexing Pushed:[0m https://krisalaventis.in/krisala-aventis-tathawade-connectivity-it-hubs [Status: 200]
🚀 [36mIndexing Pushed:[0m https://krisalaventis.in/krisala-aventis-tathawade-construction-status [Status: 200]
🚀 [36mIndexing Pushed:[0m https://krisalaventis.in/krisala-aventis-tathawade-cost-sheet-estimator [Status: 200]
🚀 [36mIndexing Pushed:[0m https://krisalaventis.in/krisala-aventis-tathawade-customer-reviews-testimonials [Status: 200]
🚀 [36mIndexing Pushed:[0m https://krisalaventis.in/krisala-aventis-tathawade-developer-legacy [Status: 200]
🚀 [36mIndexing Pushed:[0m https://krisalaventis.in/krisala-aventis-tathawade-educational-hubs [Status: 200]
🚀 [36mIndexing Pushed:[0m https://krisalaventis.in/krisala-aventis-tathawade-flats-near-hinjewadi [Status: 200]
🚀 [36mIndexing Pushed:[0m https://krisalaventis.in/krisala-aventis-tathawade-growth-story-roi-2026 [Status: 200]
🚀 [36mIndexing Pushed:[0m https://krisalaventis.in/krisala-aventis-tathawade-hindi-janakari [Status: 200]
🚀 [36mIndexing Pushed:[0m https://krisalaventis.in/krisala-aventis-tathawade-home-loan-emi-calculator [Status: 200]
🚀 [36mIndexing Pushed:[0m https://krisalaventis.in/krisala-aventis-tathawade-investment-roi [Status: 200]
🚀 [36mIndexing Pushed:[0m https://krisalaventis.in/krisala-aventis-tathawade-lifestyle-it-park-proximity [Status: 200]
🚀 [36mIndexing Pushed:[0m https://krisalaventis.in/krisala-aventis-tathawade-local-area-guide-map [Status: 200]
🚀 [36mIndexing Pushed:[0m https://krisalaventis.in/krisala-aventis-tathawade-local-pune-review-hindi-marathi [Status: 200]
🚀 [36mIndexing Pushed:[0m https://krisalaventis.in/krisala-aventis-tathawade-luxury-specifications-aluform [Status: 200]
🚀 [36mIndexing Pushed:[0m https://krisalaventis.in/krisala-aventis-tathawade-marathi-mahiti [Status: 200]
🚀 [36mIndexing Pushed:[0m https://krisalaventis.in/krisala-aventis-tathawade-market-growth-calculator [Status: 200]
🚀 [36mIndexing Pushed:[0m https://krisalaventis.in/krisala-aventis-tathawade-near-aditya-birla-hospital [Status: 200]
🚀 [36mIndexing Pushed:[0m https://krisalaventis.in/krisala-aventis-tathawade-near-bhujbal-chowk [Status: 200]
🚀 [36mIndexing Pushed:[0m https://krisalaventis.in/krisala-aventis-tathawade-near-jspm-university [Status: 200]
🚀 [36mIndexing Pushed:[0m https://krisalaventis.in/krisala-aventis-tathawade-near-mumbai-pune-expressway [Status: 200]
🚀 [36mIndexing Pushed:[0m https://krisalaventis.in/krisala-aventis-tathawade-near-phoenix-mall-wakad [Status: 200]
🚀 [36mIndexing Pushed:[0m https://krisalaventis.in/krisala-aventis-tathawade-near-shakai-circle [Status: 200]
🚀 [36mIndexing Pushed:[0m https://krisalaventis.in/krisala-aventis-tathawade-nri-investment [Status: 200]
🚀 [36mIndexing Pushed:[0m https://krisalaventis.in/krisala-aventis-tathawade-possession-timeline-2026 [Status: 200]
🚀 [36mIndexing Pushed:[0m https://krisalaventis.in/krisala-aventis-tathawade-price-list [Status: 200]
🚀 [36mIndexing Pushed:[0m https://krisalaventis.in/krisala-aventis-tathawade-privacy-policy [Status: 200]
🚀 [36mIndexing Pushed:[0m https://krisalaventis.in/krisala-aventis-tathawade-public-transport [Status: 200]
🚀 [36mIndexing Pushed:[0m https://krisalaventis.in/krisala-aventis-tathawade-real-estate-glossary [Status: 200]
🚀 [36mIndexing Pushed:[0m https://krisalaventis.in/krisala-aventis-tathawade-site-visit-book [Status: 200]
🚀 [36mIndexing Pushed:[0m https://krisalaventis.in/krisala-aventis-tathawade-smart-study-homes [Status: 200]
🚀 [36mIndexing Pushed:[0m https://krisalaventis.in/krisala-aventis-tathawade-terms-conditions [Status: 200]
🚀 [36mIndexing Pushed:[0m https://krisalaventis.in/krisala-aventis-tathawade-vastu-compliance [Status: 200]
🚀 [36mIndexing Pushed:[0m https://krisalaventis.in/krisala-aventis-vs-godrej-tathawade [Status: 200]
🚀 [36mIndexing Pushed:[0m https://krisalaventis.in/krisala-aventis-vs-kolte-patil-tathawade [Status: 200]
🚀 [36mIndexing Pushed:[0m https://krisalaventis.in/pcmc-luxury-apartments-tathawade-2026 [Status: 200]
🚀 [36mIndexing Pushed:[0m https://krisalaventis.in/residential-flats-near-hinjewadi-phase-3 [Status: 200]
🚀 [36mIndexing Pushed:[0m https://krisalaventis.in/sitemap-html [Status: 200]
🚀 [36mIndexing Pushed:[0m https://krisalaventis.in/tathawade-real-estate-investment-guide [Status: 200]
🚀 [36mIndexing Pushed:[0m https://krisalaventis.in/tathawade-vs-baner-property-2026 [Status: 200]
🚀 [36mIndexing Pushed:[0m https://krisalaventis.in/wakad-vs-tathawade-property-analysis [Status: 200]
[32m✨ All high-intent URLs pushed to Google Search Console.[0m
>> Running IndexNow Protocol...
✅ IndexNow Protocol Execution SUCCESS.
🚀 Blasted 52 URLs to Bing, Yahoo, DuckDuckGo, and Yandex.
Sovereign Sweep Completed: Thu Jul  9 00:00:52 IST 2026
=====================================================
=====================================================
Sovereign Sweep Initiated: Sun Jul 12 00:00:00 IST 2026
>> Running Google Indexing Protocol...
[32m✅ Authorized with Google Indexing API[0m
🚀 [36mIndexing Pushed:[0m https://krisalaventis.in/best-3-bhk-under-1-5-crore-pune-2026 [Status: 200]
🚀 [36mIndexing Pushed:[0m https://krisalaventis.in/how-to-buy-flat-in-west-pune-guide-2026 [Status: 200]
🚀 [36mIndexing Pushed:[0m https://krisalaventis.in/ [Status: 200]
🚀 [36mIndexing Pushed:[0m https://krisalaventis.in/krisala-aventis-premium-living-review [Status: 200]
🚀 [36mIndexing Pushed:[0m https://krisalaventis.in/krisala-aventis-special-offer [Status: 200]
🚀 [36mIndexing Pushed:[0m https://krisalaventis.in/krisala-aventis-tathawade-2-bhk-flats [Status: 200]
🚀 [36mIndexing Pushed:[0m https://krisalaventis.in/krisala-aventis-tathawade-3-bhk-luxury-apartments [Status: 200]
🚀 [36mIndexing Pushed:[0m https://krisalaventis.in/krisala-aventis-tathawade-aluform-technology [Status: 200]
🚀 [36mIndexing Pushed:[0m https://krisalaventis.in/krisala-aventis-tathawade-amenities-lifestyle [Status: 200]
🚀 [36mIndexing Pushed:[0m https://krisalaventis.in/krisala-aventis-tathawade-brochure-download [Status: 200]
🚀 [36mIndexing Pushed:[0m https://krisalaventis.in/krisala-aventis-tathawade-competitor-comparison [Status: 200]
🚀 [36mIndexing Pushed:[0m https://krisalaventis.in/krisala-aventis-tathawade-connectivity-it-hubs [Status: 200]
🚀 [36mIndexing Pushed:[0m https://krisalaventis.in/krisala-aventis-tathawade-construction-status [Status: 200]
🚀 [36mIndexing Pushed:[0m https://krisalaventis.in/krisala-aventis-tathawade-cost-sheet-estimator [Status: 200]
🚀 [36mIndexing Pushed:[0m https://krisalaventis.in/krisala-aventis-tathawade-customer-reviews-testimonials [Status: 200]
🚀 [36mIndexing Pushed:[0m https://krisalaventis.in/krisala-aventis-tathawade-developer-legacy [Status: 200]
🚀 [36mIndexing Pushed:[0m https://krisalaventis.in/krisala-aventis-tathawade-educational-hubs [Status: 200]
🚀 [36mIndexing Pushed:[0m https://krisalaventis.in/krisala-aventis-tathawade-flats-near-hinjewadi [Status: 200]
🚀 [36mIndexing Pushed:[0m https://krisalaventis.in/krisala-aventis-tathawade-growth-story-roi-2026 [Status: 200]
🚀 [36mIndexing Pushed:[0m https://krisalaventis.in/krisala-aventis-tathawade-hindi-janakari [Status: 200]
🚀 [36mIndexing Pushed:[0m https://krisalaventis.in/krisala-aventis-tathawade-home-loan-emi-calculator [Status: 200]
🚀 [36mIndexing Pushed:[0m https://krisalaventis.in/krisala-aventis-tathawade-investment-roi [Status: 200]
🚀 [36mIndexing Pushed:[0m https://krisalaventis.in/krisala-aventis-tathawade-lifestyle-it-park-proximity [Status: 200]
🚀 [36mIndexing Pushed:[0m https://krisalaventis.in/krisala-aventis-tathawade-local-area-guide-map [Status: 200]
🚀 [36mIndexing Pushed:[0m https://krisalaventis.in/krisala-aventis-tathawade-local-pune-review-hindi-marathi [Status: 200]
🚀 [36mIndexing Pushed:[0m https://krisalaventis.in/krisala-aventis-tathawade-luxury-specifications-aluform [Status: 200]
🚀 [36mIndexing Pushed:[0m https://krisalaventis.in/krisala-aventis-tathawade-marathi-mahiti [Status: 200]
🚀 [36mIndexing Pushed:[0m https://krisalaventis.in/krisala-aventis-tathawade-market-growth-calculator [Status: 200]
🚀 [36mIndexing Pushed:[0m https://krisalaventis.in/krisala-aventis-tathawade-near-aditya-birla-hospital [Status: 200]
🚀 [36mIndexing Pushed:[0m https://krisalaventis.in/krisala-aventis-tathawade-near-bhujbal-chowk [Status: 200]
🚀 [36mIndexing Pushed:[0m https://krisalaventis.in/krisala-aventis-tathawade-near-jspm-university [Status: 200]
🚀 [36mIndexing Pushed:[0m https://krisalaventis.in/krisala-aventis-tathawade-near-mumbai-pune-expressway [Status: 200]
🚀 [36mIndexing Pushed:[0m https://krisalaventis.in/krisala-aventis-tathawade-near-phoenix-mall-wakad [Status: 200]
🚀 [36mIndexing Pushed:[0m https://krisalaventis.in/krisala-aventis-tathawade-near-shakai-circle [Status: 200]
🚀 [36mIndexing Pushed:[0m https://krisalaventis.in/krisala-aventis-tathawade-nri-investment [Status: 200]
🚀 [36mIndexing Pushed:[0m https://krisalaventis.in/krisala-aventis-tathawade-possession-timeline-2026 [Status: 200]
🚀 [36mIndexing Pushed:[0m https://krisalaventis.in/krisala-aventis-tathawade-price-list [Status: 200]
🚀 [36mIndexing Pushed:[0m https://krisalaventis.in/krisala-aventis-tathawade-privacy-policy [Status: 200]
🚀 [36mIndexing Pushed:[0m https://krisalaventis.in/krisala-aventis-tathawade-public-transport [Status: 200]
🚀 [36mIndexing Pushed:[0m https://krisalaventis.in/krisala-aventis-tathawade-real-estate-glossary [Status: 200]
🚀 [36mIndexing Pushed:[0m https://krisalaventis.in/krisala-aventis-tathawade-site-visit-book [Status: 200]
🚀 [36mIndexing Pushed:[0m https://krisalaventis.in/krisala-aventis-tathawade-smart-study-homes [Status: 200]
🚀 [36mIndexing Pushed:[0m https://krisalaventis.in/krisala-aventis-tathawade-terms-conditions [Status: 200]
🚀 [36mIndexing Pushed:[0m https://krisalaventis.in/krisala-aventis-tathawade-vastu-compliance [Status: 200]
🚀 [36mIndexing Pushed:[0m https://krisalaventis.in/krisala-aventis-vs-godrej-tathawade [Status: 200]
🚀 [36mIndexing Pushed:[0m https://krisalaventis.in/krisala-aventis-vs-kolte-patil-tathawade [Status: 200]
🚀 [36mIndexing Pushed:[0m https://krisalaventis.in/pcmc-luxury-apartments-tathawade-2026 [Status: 200]
🚀 [36mIndexing Pushed:[0m https://krisalaventis.in/residential-flats-near-hinjewadi-phase-3 [Status: 200]
🚀 [36mIndexing Pushed:[0m https://krisalaventis.in/sitemap-html [Status: 200]
🚀 [36mIndexing Pushed:[0m https://krisalaventis.in/tathawade-real-estate-investment-guide [Status: 200]
🚀 [36mIndexing Pushed:[0m https://krisalaventis.in/tathawade-vs-baner-property-2026 [Status: 200]
🚀 [36mIndexing Pushed:[0m https://krisalaventis.in/wakad-vs-tathawade-property-analysis [Status: 200]
[32m✨ All high-intent URLs pushed to Google Search Console.[0m
>> Running IndexNow Protocol...
✅ IndexNow Protocol Execution SUCCESS.
🚀 Blasted 52 URLs to Bing, Yahoo, DuckDuckGo, and Yandex.
Sovereign Sweep Completed: Sun Jul 12 00:00:53 IST 2026
=====================================================
=====================================================
Sovereign Sweep Initiated: Tue Jul 14 00:00:01 IST 2026
>> Running Google Indexing Protocol...
[32m✅ Authorized with Google Indexing API[0m
🚀 [36mIndexing Pushed:[0m https://krisalaventis.in/best-3-bhk-under-1-5-crore-pune-2026 [Status: 200]
🚀 [36mIndexing Pushed:[0m https://krisalaventis.in/how-to-buy-flat-in-west-pune-guide-2026 [Status: 200]
🚀 [36mIndexing Pushed:[0m https://krisalaventis.in/ [Status: 200]
🚀 [36mIndexing Pushed:[0m https://krisalaventis.in/krisala-aventis-premium-living-review [Status: 200]
🚀 [36mIndexing Pushed:[0m https://krisalaventis.in/krisala-aventis-special-offer [Status: 200]
🚀 [36mIndexing Pushed:[0m https://krisalaventis.in/krisala-aventis-tathawade-2-bhk-flats [Status: 200]
🚀 [36mIndexing Pushed:[0m https://krisalaventis.in/krisala-aventis-tathawade-3-bhk-luxury-apartments [Status: 200]
🚀 [36mIndexing Pushed:[0m https://krisalaventis.in/krisala-aventis-tathawade-aluform-technology [Status: 200]
🚀 [36mIndexing Pushed:[0m https://krisalaventis.in/krisala-aventis-tathawade-amenities-lifestyle [Status: 200]
🚀 [36mIndexing Pushed:[0m https://krisalaventis.in/krisala-aventis-tathawade-brochure-download [Status: 200]
🚀 [36mIndexing Pushed:[0m https://krisalaventis.in/krisala-aventis-tathawade-competitor-comparison [Status: 200]
🚀 [36mIndexing Pushed:[0m https://krisalaventis.in/krisala-aventis-tathawade-connectivity-it-hubs [Status: 200]
🚀 [36mIndexing Pushed:[0m https://krisalaventis.in/krisala-aventis-tathawade-construction-status [Status: 200]
🚀 [36mIndexing Pushed:[0m https://krisalaventis.in/krisala-aventis-tathawade-cost-sheet-estimator [Status: 200]
🚀 [36mIndexing Pushed:[0m https://krisalaventis.in/krisala-aventis-tathawade-customer-reviews-testimonials [Status: 200]
🚀 [36mIndexing Pushed:[0m https://krisalaventis.in/krisala-aventis-tathawade-developer-legacy [Status: 200]
🚀 [36mIndexing Pushed:[0m https://krisalaventis.in/krisala-aventis-tathawade-educational-hubs [Status: 200]
🚀 [36mIndexing Pushed:[0m https://krisalaventis.in/krisala-aventis-tathawade-flats-near-hinjewadi [Status: 200]
🚀 [36mIndexing Pushed:[0m https://krisalaventis.in/krisala-aventis-tathawade-growth-story-roi-2026 [Status: 200]
🚀 [36mIndexing Pushed:[0m https://krisalaventis.in/krisala-aventis-tathawade-hindi-janakari [Status: 200]
🚀 [36mIndexing Pushed:[0m https://krisalaventis.in/krisala-aventis-tathawade-home-loan-emi-calculator [Status: 200]
🚀 [36mIndexing Pushed:[0m https://krisalaventis.in/krisala-aventis-tathawade-investment-roi [Status: 200]
🚀 [36mIndexing Pushed:[0m https://krisalaventis.in/krisala-aventis-tathawade-lifestyle-it-park-proximity [Status: 200]
🚀 [36mIndexing Pushed:[0m https://krisalaventis.in/krisala-aventis-tathawade-local-area-guide-map [Status: 200]
🚀 [36mIndexing Pushed:[0m https://krisalaventis.in/krisala-aventis-tathawade-local-pune-review-hindi-marathi [Status: 200]
🚀 [36mIndexing Pushed:[0m https://krisalaventis.in/krisala-aventis-tathawade-luxury-specifications-aluform [Status: 200]
🚀 [36mIndexing Pushed:[0m https://krisalaventis.in/krisala-aventis-tathawade-marathi-mahiti [Status: 200]
🚀 [36mIndexing Pushed:[0m https://krisalaventis.in/krisala-aventis-tathawade-market-growth-calculator [Status: 200]
🚀 [36mIndexing Pushed:[0m https://krisalaventis.in/krisala-aventis-tathawade-near-aditya-birla-hospital [Status: 200]
🚀 [36mIndexing Pushed:[0m https://krisalaventis.in/krisala-aventis-tathawade-near-bhujbal-chowk [Status: 200]
🚀 [36mIndexing Pushed:[0m https://krisalaventis.in/krisala-aventis-tathawade-near-jspm-university [Status: 200]
🚀 [36mIndexing Pushed:[0m https://krisalaventis.in/krisala-aventis-tathawade-near-mumbai-pune-expressway [Status: 200]
🚀 [36mIndexing Pushed:[0m https://krisalaventis.in/krisala-aventis-tathawade-near-phoenix-mall-wakad [Status: 200]
🚀 [36mIndexing Pushed:[0m https://krisalaventis.in/krisala-aventis-tathawade-near-shakai-circle [Status: 200]
🚀 [36mIndexing Pushed:[0m https://krisalaventis.in/krisala-aventis-tathawade-nri-investment [Status: 200]
🚀 [36mIndexing Pushed:[0m https://krisalaventis.in/krisala-aventis-tathawade-possession-timeline-2026 [Status: 200]
🚀 [36mIndexing Pushed:[0m https://krisalaventis.in/krisala-aventis-tathawade-price-list [Status: 200]
🚀 [36mIndexing Pushed:[0m https://krisalaventis.in/krisala-aventis-tathawade-privacy-policy [Status: 200]
🚀 [36mIndexing Pushed:[0m https://krisalaventis.in/krisala-aventis-tathawade-public-transport [Status: 200]
🚀 [36mIndexing Pushed:[0m https://krisalaventis.in/krisala-aventis-tathawade-real-estate-glossary [Status: 200]
🚀 [36mIndexing Pushed:[0m https://krisalaventis.in/krisala-aventis-tathawade-site-visit-book [Status: 200]
🚀 [36mIndexing Pushed:[0m https://krisalaventis.in/krisala-aventis-tathawade-smart-study-homes [Status: 200]
🚀 [36mIndexing Pushed:[0m https://krisalaventis.in/krisala-aventis-tathawade-terms-conditions [Status: 200]
🚀 [36mIndexing Pushed:[0m https://krisalaventis.in/krisala-aventis-tathawade-vastu-compliance [Status: 200]
🚀 [36mIndexing Pushed:[0m https://krisalaventis.in/krisala-aventis-vs-godrej-tathawade [Status: 200]
🚀 [36mIndexing Pushed:[0m https://krisalaventis.in/krisala-aventis-vs-kolte-patil-tathawade [Status: 200]
🚀 [36mIndexing Pushed:[0m https://krisalaventis.in/pcmc-luxury-apartments-tathawade-2026 [Status: 200]
🚀 [36mIndexing Pushed:[0m https://krisalaventis.in/residential-flats-near-hinjewadi-phase-3 [Status: 200]
🚀 [36mIndexing Pushed:[0m https://krisalaventis.in/sitemap-html [Status: 200]
🚀 [36mIndexing Pushed:[0m https://krisalaventis.in/tathawade-real-estate-investment-guide [Status: 200]
🚀 [36mIndexing Pushed:[0m https://krisalaventis.in/tathawade-vs-baner-property-2026 [Status: 200]
🚀 [36mIndexing Pushed:[0m https://krisalaventis.in/wakad-vs-tathawade-property-analysis [Status: 200]
[32m✨ All high-intent URLs pushed to Google Search Console.[0m
>> Running IndexNow Protocol...
✅ IndexNow Protocol Execution SUCCESS.
🚀 Blasted 52 URLs to Bing, Yahoo, DuckDuckGo, and Yandex.
Sovereign Sweep Completed: Tue Jul 14 00:00:53 IST 2026
=====================================================
=====================================================
Sovereign Sweep Initiated: Thu Jul 16 00:00:00 IST 2026
>> Running Google Indexing Protocol...
[32m✅ Authorized with Google Indexing API[0m
🚀 [36mIndexing Pushed:[0m https://krisalaventis.in/best-3-bhk-under-1-5-crore-pune-2026 [Status: 200]
🚀 [36mIndexing Pushed:[0m https://krisalaventis.in/how-to-buy-flat-in-west-pune-guide-2026 [Status: 200]
🚀 [36mIndexing Pushed:[0m https://krisalaventis.in/ [Status: 200]
🚀 [36mIndexing Pushed:[0m https://krisalaventis.in/krisala-aventis-premium-living-review [Status: 200]
🚀 [36mIndexing Pushed:[0m https://krisalaventis.in/krisala-aventis-special-offer [Status: 200]
🚀 [36mIndexing Pushed:[0m https://krisalaventis.in/krisala-aventis-tathawade-2-bhk-flats [Status: 200]
🚀 [36mIndexing Pushed:[0m https://krisalaventis.in/krisala-aventis-tathawade-3-bhk-luxury-apartments [Status: 200]
🚀 [36mIndexing Pushed:[0m https://krisalaventis.in/krisala-aventis-tathawade-aluform-technology [Status: 200]
🚀 [36mIndexing Pushed:[0m https://krisalaventis.in/krisala-aventis-tathawade-amenities-lifestyle [Status: 200]
🚀 [36mIndexing Pushed:[0m https://krisalaventis.in/krisala-aventis-tathawade-brochure-download [Status: 200]
🚀 [36mIndexing Pushed:[0m https://krisalaventis.in/krisala-aventis-tathawade-competitor-comparison [Status: 200]
🚀 [36mIndexing Pushed:[0m https://krisalaventis.in/krisala-aventis-tathawade-connectivity-it-hubs [Status: 200]
🚀 [36mIndexing Pushed:[0m https://krisalaventis.in/krisala-aventis-tathawade-construction-status [Status: 200]
🚀 [36mIndexing Pushed:[0m https://krisalaventis.in/krisala-aventis-tathawade-cost-sheet-estimator [Status: 200]
🚀 [36mIndexing Pushed:[0m https://krisalaventis.in/krisala-aventis-tathawade-customer-reviews-testimonials [Status: 200]
🚀 [36mIndexing Pushed:[0m https://krisalaventis.in/krisala-aventis-tathawade-developer-legacy [Status: 200]
🚀 [36mIndexing Pushed:[0m https://krisalaventis.in/krisala-aventis-tathawade-educational-hubs [Status: 200]
🚀 [36mIndexing Pushed:[0m https://krisalaventis.in/krisala-aventis-tathawade-flats-near-hinjewadi [Status: 200]
🚀 [36mIndexing Pushed:[0m https://krisalaventis.in/krisala-aventis-tathawade-growth-story-roi-2026 [Status: 200]
🚀 [36mIndexing Pushed:[0m https://krisalaventis.in/krisala-aventis-tathawade-hindi-janakari [Status: 200]
🚀 [36mIndexing Pushed:[0m https://krisalaventis.in/krisala-aventis-tathawade-home-loan-emi-calculator [Status: 200]
🚀 [36mIndexing Pushed:[0m https://krisalaventis.in/krisala-aventis-tathawade-investment-roi [Status: 200]
🚀 [36mIndexing Pushed:[0m https://krisalaventis.in/krisala-aventis-tathawade-lifestyle-it-park-proximity [Status: 200]
🚀 [36mIndexing Pushed:[0m https://krisalaventis.in/krisala-aventis-tathawade-local-area-guide-map [Status: 200]
🚀 [36mIndexing Pushed:[0m https://krisalaventis.in/krisala-aventis-tathawade-local-pune-review-hindi-marathi [Status: 200]
🚀 [36mIndexing Pushed:[0m https://krisalaventis.in/krisala-aventis-tathawade-luxury-specifications-aluform [Status: 200]
🚀 [36mIndexing Pushed:[0m https://krisalaventis.in/krisala-aventis-tathawade-marathi-mahiti [Status: 200]
🚀 [36mIndexing Pushed:[0m https://krisalaventis.in/krisala-aventis-tathawade-market-growth-calculator [Status: 200]
🚀 [36mIndexing Pushed:[0m https://krisalaventis.in/krisala-aventis-tathawade-near-aditya-birla-hospital [Status: 200]
🚀 [36mIndexing Pushed:[0m https://krisalaventis.in/krisala-aventis-tathawade-near-bhujbal-chowk [Status: 200]
🚀 [36mIndexing Pushed:[0m https://krisalaventis.in/krisala-aventis-tathawade-near-jspm-university [Status: 200]
🚀 [36mIndexing Pushed:[0m https://krisalaventis.in/krisala-aventis-tathawade-near-mumbai-pune-expressway [Status: 200]
🚀 [36mIndexing Pushed:[0m https://krisalaventis.in/krisala-aventis-tathawade-near-phoenix-mall-wakad [Status: 200]
🚀 [36mIndexing Pushed:[0m https://krisalaventis.in/krisala-aventis-tathawade-near-shakai-circle [Status: 200]
🚀 [36mIndexing Pushed:[0m https://krisalaventis.in/krisala-aventis-tathawade-nri-investment [Status: 200]
🚀 [36mIndexing Pushed:[0m https://krisalaventis.in/krisala-aventis-tathawade-possession-timeline-2026 [Status: 200]
🚀 [36mIndexing Pushed:[0m https://krisalaventis.in/krisala-aventis-tathawade-price-list [Status: 200]
🚀 [36mIndexing Pushed:[0m https://krisalaventis.in/krisala-aventis-tathawade-privacy-policy [Status: 200]
🚀 [36mIndexing Pushed:[0m https://krisalaventis.in/krisala-aventis-tathawade-public-transport [Status: 200]
🚀 [36mIndexing Pushed:[0m https://krisalaventis.in/krisala-aventis-tathawade-real-estate-glossary [Status: 200]
🚀 [36mIndexing Pushed:[0m https://krisalaventis.in/krisala-aventis-tathawade-site-visit-book [Status: 200]
🚀 [36mIndexing Pushed:[0m https://krisalaventis.in/krisala-aventis-tathawade-smart-study-homes [Status: 200]
🚀 [36mIndexing Pushed:[0m https://krisalaventis.in/krisala-aventis-tathawade-terms-conditions [Status: 200]
🚀 [36mIndexing Pushed:[0m https://krisalaventis.in/krisala-aventis-tathawade-vastu-compliance [Status: 200]
🚀 [36mIndexing Pushed:[0m https://krisalaventis.in/krisala-aventis-vs-godrej-tathawade [Status: 200]
🚀 [36mIndexing Pushed:[0m https://krisalaventis.in/krisala-aventis-vs-kolte-patil-tathawade [Status: 200]
🚀 [36mIndexing Pushed:[0m https://krisalaventis.in/pcmc-luxury-apartments-tathawade-2026 [Status: 200]
🚀 [36mIndexing Pushed:[0m https://krisalaventis.in/residential-flats-near-hinjewadi-phase-3 [Status: 200]
🚀 [36mIndexing Pushed:[0m https://krisalaventis.in/sitemap-html [Status: 200]
🚀 [36mIndexing Pushed:[0m https://krisalaventis.in/tathawade-real-estate-investment-guide [Status: 200]
🚀 [36mIndexing Pushed:[0m https://krisalaventis.in/tathawade-vs-baner-property-2026 [Status: 200]
🚀 [36mIndexing Pushed:[0m https://krisalaventis.in/wakad-vs-tathawade-property-analysis [Status: 200]
[32m✨ All high-intent URLs pushed to Google Search Console.[0m
>> Running IndexNow Protocol...
✅ IndexNow Protocol Execution SUCCESS.
🚀 Blasted 52 URLs to Bing, Yahoo, DuckDuckGo, and Yandex.
Sovereign Sweep Completed: Thu Jul 16 00:00:52 IST 2026
=====================================================
=====================================================
Sovereign Sweep Initiated: Fri Jul 17 00:00:01 IST 2026
>> Running Google Indexing Protocol...
[32m✅ Authorized with Google Indexing API[0m
🚀 [36mIndexing Pushed:[0m https://krisalaventis.in/best-3-bhk-under-1-5-crore-pune-2026 [Status: 200]
🚀 [36mIndexing Pushed:[0m https://krisalaventis.in/how-to-buy-flat-in-west-pune-guide-2026 [Status: 200]
🚀 [36mIndexing Pushed:[0m https://krisalaventis.in/ [Status: 200]
🚀 [36mIndexing Pushed:[0m https://krisalaventis.in/krisala-aventis-premium-living-review [Status: 200]
🚀 [36mIndexing Pushed:[0m https://krisalaventis.in/krisala-aventis-special-offer [Status: 200]
🚀 [36mIndexing Pushed:[0m https://krisalaventis.in/krisala-aventis-tathawade-2-bhk-flats [Status: 200]
🚀 [36mIndexing Pushed:[0m https://krisalaventis.in/krisala-aventis-tathawade-3-bhk-luxury-apartments [Status: 200]
🚀 [36mIndexing Pushed:[0m https://krisalaventis.in/krisala-aventis-tathawade-aluform-technology [Status: 200]
🚀 [36mIndexing Pushed:[0m https://krisalaventis.in/krisala-aventis-tathawade-amenities-lifestyle [Status: 200]
🚀 [36mIndexing Pushed:[0m https://krisalaventis.in/krisala-aventis-tathawade-brochure-download [Status: 200]
🚀 [36mIndexing Pushed:[0m https://krisalaventis.in/krisala-aventis-tathawade-competitor-comparison [Status: 200]
🚀 [36mIndexing Pushed:[0m https://krisalaventis.in/krisala-aventis-tathawade-connectivity-it-hubs [Status: 200]
🚀 [36mIndexing Pushed:[0m https://krisalaventis.in/krisala-aventis-tathawade-construction-status [Status: 200]
🚀 [36mIndexing Pushed:[0m https://krisalaventis.in/krisala-aventis-tathawade-cost-sheet-estimator [Status: 200]
🚀 [36mIndexing Pushed:[0m https://krisalaventis.in/krisala-aventis-tathawade-customer-reviews-testimonials [Status: 200]
🚀 [36mIndexing Pushed:[0m https://krisalaventis.in/krisala-aventis-tathawade-developer-legacy [Status: 200]
🚀 [36mIndexing Pushed:[0m https://krisalaventis.in/krisala-aventis-tathawade-educational-hubs [Status: 200]
🚀 [36mIndexing Pushed:[0m https://krisalaventis.in/krisala-aventis-tathawade-flats-near-hinjewadi [Status: 200]
🚀 [36mIndexing Pushed:[0m https://krisalaventis.in/krisala-aventis-tathawade-growth-story-roi-2026 [Status: 200]
🚀 [36mIndexing Pushed:[0m https://krisalaventis.in/krisala-aventis-tathawade-hindi-janakari [Status: 200]
🚀 [36mIndexing Pushed:[0m https://krisalaventis.in/krisala-aventis-tathawade-home-loan-emi-calculator [Status: 200]
🚀 [36mIndexing Pushed:[0m https://krisalaventis.in/krisala-aventis-tathawade-investment-roi [Status: 200]
🚀 [36mIndexing Pushed:[0m https://krisalaventis.in/krisala-aventis-tathawade-lifestyle-it-park-proximity [Status: 200]
🚀 [36mIndexing Pushed:[0m https://krisalaventis.in/krisala-aventis-tathawade-local-area-guide-map [Status: 200]
🚀 [36mIndexing Pushed:[0m https://krisalaventis.in/krisala-aventis-tathawade-local-pune-review-hindi-marathi [Status: 200]
🚀 [36mIndexing Pushed:[0m https://krisalaventis.in/krisala-aventis-tathawade-luxury-specifications-aluform [Status: 200]
🚀 [36mIndexing Pushed:[0m https://krisalaventis.in/krisala-aventis-tathawade-marathi-mahiti [Status: 200]
🚀 [36mIndexing Pushed:[0m https://krisalaventis.in/krisala-aventis-tathawade-market-growth-calculator [Status: 200]
🚀 [36mIndexing Pushed:[0m https://krisalaventis.in/krisala-aventis-tathawade-near-aditya-birla-hospital [Status: 200]
🚀 [36mIndexing Pushed:[0m https://krisalaventis.in/krisala-aventis-tathawade-near-bhujbal-chowk [Status: 200]
🚀 [36mIndexing Pushed:[0m https://krisalaventis.in/krisala-aventis-tathawade-near-jspm-university [Status: 200]
🚀 [36mIndexing Pushed:[0m https://krisalaventis.in/krisala-aventis-tathawade-near-mumbai-pune-expressway [Status: 200]
🚀 [36mIndexing Pushed:[0m https://krisalaventis.in/krisala-aventis-tathawade-near-phoenix-mall-wakad [Status: 200]
🚀 [36mIndexing Pushed:[0m https://krisalaventis.in/krisala-aventis-tathawade-near-shakai-circle [Status: 200]
🚀 [36mIndexing Pushed:[0m https://krisalaventis.in/krisala-aventis-tathawade-nri-investment [Status: 200]
🚀 [36mIndexing Pushed:[0m https://krisalaventis.in/krisala-aventis-tathawade-possession-timeline-2026 [Status: 200]
🚀 [36mIndexing Pushed:[0m https://krisalaventis.in/krisala-aventis-tathawade-price-list [Status: 200]
🚀 [36mIndexing Pushed:[0m https://krisalaventis.in/krisala-aventis-tathawade-privacy-policy [Status: 200]
🚀 [36mIndexing Pushed:[0m https://krisalaventis.in/krisala-aventis-tathawade-public-transport [Status: 200]
🚀 [36mIndexing Pushed:[0m https://krisalaventis.in/krisala-aventis-tathawade-real-estate-glossary [Status: 200]
🚀 [36mIndexing Pushed:[0m https://krisalaventis.in/krisala-aventis-tathawade-site-visit-book [Status: 200]
🚀 [36mIndexing Pushed:[0m https://krisalaventis.in/krisala-aventis-tathawade-smart-study-homes [Status: 200]
🚀 [36mIndexing Pushed:[0m https://krisalaventis.in/krisala-aventis-tathawade-terms-conditions [Status: 200]
🚀 [36mIndexing Pushed:[0m https://krisalaventis.in/krisala-aventis-tathawade-vastu-compliance [Status: 200]
🚀 [36mIndexing Pushed:[0m https://krisalaventis.in/krisala-aventis-vs-godrej-tathawade [Status: 200]
🚀 [36mIndexing Pushed:[0m https://krisalaventis.in/krisala-aventis-vs-kolte-patil-tathawade [Status: 200]
🚀 [36mIndexing Pushed:[0m https://krisalaventis.in/pcmc-luxury-apartments-tathawade-2026 [Status: 200]
🚀 [36mIndexing Pushed:[0m https://krisalaventis.in/residential-flats-near-hinjewadi-phase-3 [Status: 200]
🚀 [36mIndexing Pushed:[0m https://krisalaventis.in/sitemap-html [Status: 200]
🚀 [36mIndexing Pushed:[0m https://krisalaventis.in/tathawade-real-estate-investment-guide [Status: 200]
🚀 [36mIndexing Pushed:[0m https://krisalaventis.in/tathawade-vs-baner-property-2026 [Status: 200]
🚀 [36mIndexing Pushed:[0m https://krisalaventis.in/wakad-vs-tathawade-property-analysis [Status: 200]
[32m✨ All high-intent URLs pushed to Google Search Console.[0m
>> Running IndexNow Protocol...
✅ IndexNow Protocol Execution SUCCESS.
🚀 Blasted 52 URLs to Bing, Yahoo, DuckDuckGo, and Yandex.
Sovereign Sweep Completed: Fri Jul 17 00:00:51 IST 2026
=====================================================
=====================================================
Sovereign Sweep Initiated: Sat Jul 18 00:00:01 IST 2026
>> Running Google Indexing Protocol...
[32m✅ Authorized with Google Indexing API[0m
🚀 [36mIndexing Pushed:[0m https://krisalaventis.in/best-3-bhk-under-1-5-crore-pune-2026 [Status: 200]
🚀 [36mIndexing Pushed:[0m https://krisalaventis.in/how-to-buy-flat-in-west-pune-guide-2026 [Status: 200]
🚀 [36mIndexing Pushed:[0m https://krisalaventis.in/ [Status: 200]
🚀 [36mIndexing Pushed:[0m https://krisalaventis.in/krisala-aventis-premium-living-review [Status: 200]
🚀 [36mIndexing Pushed:[0m https://krisalaventis.in/krisala-aventis-special-offer [Status: 200]
🚀 [36mIndexing Pushed:[0m https://krisalaventis.in/krisala-aventis-tathawade-2-bhk-flats [Status: 200]
🚀 [36mIndexing Pushed:[0m https://krisalaventis.in/krisala-aventis-tathawade-3-bhk-luxury-apartments [Status: 200]
🚀 [36mIndexing Pushed:[0m https://krisalaventis.in/krisala-aventis-tathawade-aluform-technology [Status: 200]
🚀 [36mIndexing Pushed:[0m https://krisalaventis.in/krisala-aventis-tathawade-amenities-lifestyle [Status: 200]
🚀 [36mIndexing Pushed:[0m https://krisalaventis.in/krisala-aventis-tathawade-brochure-download [Status: 200]
🚀 [36mIndexing Pushed:[0m https://krisalaventis.in/krisala-aventis-tathawade-competitor-comparison [Status: 200]
🚀 [36mIndexing Pushed:[0m https://krisalaventis.in/krisala-aventis-tathawade-connectivity-it-hubs [Status: 200]
🚀 [36mIndexing Pushed:[0m https://krisalaventis.in/krisala-aventis-tathawade-construction-status [Status: 200]
🚀 [36mIndexing Pushed:[0m https://krisalaventis.in/krisala-aventis-tathawade-cost-sheet-estimator [Status: 200]
🚀 [36mIndexing Pushed:[0m https://krisalaventis.in/krisala-aventis-tathawade-customer-reviews-testimonials [Status: 200]
🚀 [36mIndexing Pushed:[0m https://krisalaventis.in/krisala-aventis-tathawade-developer-legacy [Status: 200]
🚀 [36mIndexing Pushed:[0m https://krisalaventis.in/krisala-aventis-tathawade-educational-hubs [Status: 200]
🚀 [36mIndexing Pushed:[0m https://krisalaventis.in/krisala-aventis-tathawade-flats-near-hinjewadi [Status: 200]
🚀 [36mIndexing Pushed:[0m https://krisalaventis.in/krisala-aventis-tathawade-growth-story-roi-2026 [Status: 200]
🚀 [36mIndexing Pushed:[0m https://krisalaventis.in/krisala-aventis-tathawade-hindi-janakari [Status: 200]
🚀 [36mIndexing Pushed:[0m https://krisalaventis.in/krisala-aventis-tathawade-home-loan-emi-calculator [Status: 200]
🚀 [36mIndexing Pushed:[0m https://krisalaventis.in/krisala-aventis-tathawade-investment-roi [Status: 200]
🚀 [36mIndexing Pushed:[0m https://krisalaventis.in/krisala-aventis-tathawade-lifestyle-it-park-proximity [Status: 200]
🚀 [36mIndexing Pushed:[0m https://krisalaventis.in/krisala-aventis-tathawade-local-area-guide-map [Status: 200]
🚀 [36mIndexing Pushed:[0m https://krisalaventis.in/krisala-aventis-tathawade-local-pune-review-hindi-marathi [Status: 200]
🚀 [36mIndexing Pushed:[0m https://krisalaventis.in/krisala-aventis-tathawade-luxury-specifications-aluform [Status: 200]
🚀 [36mIndexing Pushed:[0m https://krisalaventis.in/krisala-aventis-tathawade-marathi-mahiti [Status: 200]
🚀 [36mIndexing Pushed:[0m https://krisalaventis.in/krisala-aventis-tathawade-market-growth-calculator [Status: 200]
🚀 [36mIndexing Pushed:[0m https://krisalaventis.in/krisala-aventis-tathawade-near-aditya-birla-hospital [Status: 200]
🚀 [36mIndexing Pushed:[0m https://krisalaventis.in/krisala-aventis-tathawade-near-bhujbal-chowk [Status: 200]
🚀 [36mIndexing Pushed:[0m https://krisalaventis.in/krisala-aventis-tathawade-near-jspm-university [Status: 200]
🚀 [36mIndexing Pushed:[0m https://krisalaventis.in/krisala-aventis-tathawade-near-mumbai-pune-expressway [Status: 200]
🚀 [36mIndexing Pushed:[0m https://krisalaventis.in/krisala-aventis-tathawade-near-phoenix-mall-wakad [Status: 200]
🚀 [36mIndexing Pushed:[0m https://krisalaventis.in/krisala-aventis-tathawade-near-shakai-circle [Status: 200]
🚀 [36mIndexing Pushed:[0m https://krisalaventis.in/krisala-aventis-tathawade-nri-investment [Status: 200]
🚀 [36mIndexing Pushed:[0m https://krisalaventis.in/krisala-aventis-tathawade-possession-timeline-2026 [Status: 200]
🚀 [36mIndexing Pushed:[0m https://krisalaventis.in/krisala-aventis-tathawade-price-list [Status: 200]
🚀 [36mIndexing Pushed:[0m https://krisalaventis.in/krisala-aventis-tathawade-privacy-policy [Status: 200]
🚀 [36mIndexing Pushed:[0m https://krisalaventis.in/krisala-aventis-tathawade-public-transport [Status: 200]
🚀 [36mIndexing Pushed:[0m https://krisalaventis.in/krisala-aventis-tathawade-real-estate-glossary [Status: 200]
🚀 [36mIndexing Pushed:[0m https://krisalaventis.in/krisala-aventis-tathawade-site-visit-book [Status: 200]
🚀 [36mIndexing Pushed:[0m https://krisalaventis.in/krisala-aventis-tathawade-smart-study-homes [Status: 200]
🚀 [36mIndexing Pushed:[0m https://krisalaventis.in/krisala-aventis-tathawade-terms-conditions [Status: 200]
🚀 [36mIndexing Pushed:[0m https://krisalaventis.in/krisala-aventis-tathawade-vastu-compliance [Status: 200]
🚀 [36mIndexing Pushed:[0m https://krisalaventis.in/krisala-aventis-vs-godrej-tathawade [Status: 200]
🚀 [36mIndexing Pushed:[0m https://krisalaventis.in/krisala-aventis-vs-kolte-patil-tathawade [Status: 200]
🚀 [36mIndexing Pushed:[0m https://krisalaventis.in/pcmc-luxury-apartments-tathawade-2026 [Status: 200]
🚀 [36mIndexing Pushed:[0m https://krisalaventis.in/residential-flats-near-hinjewadi-phase-3 [Status: 200]
🚀 [36mIndexing Pushed:[0m https://krisalaventis.in/sitemap-html [Status: 200]
🚀 [36mIndexing Pushed:[0m https://krisalaventis.in/tathawade-real-estate-investment-guide [Status: 200]
🚀 [36mIndexing Pushed:[0m https://krisalaventis.in/tathawade-vs-baner-property-2026 [Status: 200]
🚀 [36mIndexing Pushed:[0m https://krisalaventis.in/wakad-vs-tathawade-property-analysis [Status: 200]
[32m✨ All high-intent URLs pushed to Google Search Console.[0m
>> Running IndexNow Protocol...
✅ IndexNow Protocol Execution SUCCESS.
🚀 Blasted 52 URLs to Bing, Yahoo, DuckDuckGo, and Yandex.
Sovereign Sweep Completed: Sat Jul 18 00:01:01 IST 2026
=====================================================
=====================================================
Sovereign Sweep Initiated: Sun Jul 19 00:00:00 IST 2026
>> Running Google Indexing Protocol...
[32m✅ Authorized with Google Indexing API[0m
🚀 [36mIndexing Pushed:[0m https://krisalaventis.in/best-3-bhk-under-1-5-crore-pune-2026 [Status: 200]
🚀 [36mIndexing Pushed:[0m https://krisalaventis.in/how-to-buy-flat-in-west-pune-guide-2026 [Status: 200]
🚀 [36mIndexing Pushed:[0m https://krisalaventis.in/ [Status: 200]
🚀 [36mIndexing Pushed:[0m https://krisalaventis.in/krisala-aventis-premium-living-review [Status: 200]
🚀 [36mIndexing Pushed:[0m https://krisalaventis.in/krisala-aventis-special-offer [Status: 200]
🚀 [36mIndexing Pushed:[0m https://krisalaventis.in/krisala-aventis-tathawade-2-bhk-flats [Status: 200]
🚀 [36mIndexing Pushed:[0m https://krisalaventis.in/krisala-aventis-tathawade-3-bhk-luxury-apartments [Status: 200]
🚀 [36mIndexing Pushed:[0m https://krisalaventis.in/krisala-aventis-tathawade-aluform-technology [Status: 200]
🚀 [36mIndexing Pushed:[0m https://krisalaventis.in/krisala-aventis-tathawade-amenities-lifestyle [Status: 200]
🚀 [36mIndexing Pushed:[0m https://krisalaventis.in/krisala-aventis-tathawade-brochure-download [Status: 200]
🚀 [36mIndexing Pushed:[0m https://krisalaventis.in/krisala-aventis-tathawade-competitor-comparison [Status: 200]
🚀 [36mIndexing Pushed:[0m https://krisalaventis.in/krisala-aventis-tathawade-connectivity-it-hubs [Status: 200]
🚀 [36mIndexing Pushed:[0m https://krisalaventis.in/krisala-aventis-tathawade-construction-status [Status: 200]
🚀 [36mIndexing Pushed:[0m https://krisalaventis.in/krisala-aventis-tathawade-cost-sheet-estimator [Status: 200]
🚀 [36mIndexing Pushed:[0m https://krisalaventis.in/krisala-aventis-tathawade-customer-reviews-testimonials [Status: 200]
🚀 [36mIndexing Pushed:[0m https://krisalaventis.in/krisala-aventis-tathawade-developer-legacy [Status: 200]
🚀 [36mIndexing Pushed:[0m https://krisalaventis.in/krisala-aventis-tathawade-educational-hubs [Status: 200]
🚀 [36mIndexing Pushed:[0m https://krisalaventis.in/krisala-aventis-tathawade-flats-near-hinjewadi [Status: 200]
🚀 [36mIndexing Pushed:[0m https://krisalaventis.in/krisala-aventis-tathawade-growth-story-roi-2026 [Status: 200]
🚀 [36mIndexing Pushed:[0m https://krisalaventis.in/krisala-aventis-tathawade-hindi-janakari [Status: 200]
🚀 [36mIndexing Pushed:[0m https://krisalaventis.in/krisala-aventis-tathawade-home-loan-emi-calculator [Status: 200]
🚀 [36mIndexing Pushed:[0m https://krisalaventis.in/krisala-aventis-tathawade-investment-roi [Status: 200]
🚀 [36mIndexing Pushed:[0m https://krisalaventis.in/krisala-aventis-tathawade-lifestyle-it-park-proximity [Status: 200]
🚀 [36mIndexing Pushed:[0m https://krisalaventis.in/krisala-aventis-tathawade-local-area-guide-map [Status: 200]
🚀 [36mIndexing Pushed:[0m https://krisalaventis.in/krisala-aventis-tathawade-local-pune-review-hindi-marathi [Status: 200]
🚀 [36mIndexing Pushed:[0m https://krisalaventis.in/krisala-aventis-tathawade-luxury-specifications-aluform [Status: 200]
🚀 [36mIndexing Pushed:[0m https://krisalaventis.in/krisala-aventis-tathawade-marathi-mahiti [Status: 200]
🚀 [36mIndexing Pushed:[0m https://krisalaventis.in/krisala-aventis-tathawade-market-growth-calculator [Status: 200]
🚀 [36mIndexing Pushed:[0m https://krisalaventis.in/krisala-aventis-tathawade-near-aditya-birla-hospital [Status: 200]
🚀 [36mIndexing Pushed:[0m https://krisalaventis.in/krisala-aventis-tathawade-near-bhujbal-chowk [Status: 200]
🚀 [36mIndexing Pushed:[0m https://krisalaventis.in/krisala-aventis-tathawade-near-jspm-university [Status: 200]
🚀 [36mIndexing Pushed:[0m https://krisalaventis.in/krisala-aventis-tathawade-near-mumbai-pune-expressway [Status: 200]
🚀 [36mIndexing Pushed:[0m https://krisalaventis.in/krisala-aventis-tathawade-near-phoenix-mall-wakad [Status: 200]
🚀 [36mIndexing Pushed:[0m https://krisalaventis.in/krisala-aventis-tathawade-near-shakai-circle [Status: 200]
🚀 [36mIndexing Pushed:[0m https://krisalaventis.in/krisala-aventis-tathawade-nri-investment [Status: 200]
🚀 [36mIndexing Pushed:[0m https://krisalaventis.in/krisala-aventis-tathawade-possession-timeline-2026 [Status: 200]
🚀 [36mIndexing Pushed:[0m https://krisalaventis.in/krisala-aventis-tathawade-price-list [Status: 200]
🚀 [36mIndexing Pushed:[0m https://krisalaventis.in/krisala-aventis-tathawade-privacy-policy [Status: 200]
🚀 [36mIndexing Pushed:[0m https://krisalaventis.in/krisala-aventis-tathawade-public-transport [Status: 200]
🚀 [36mIndexing Pushed:[0m https://krisalaventis.in/krisala-aventis-tathawade-real-estate-glossary [Status: 200]
🚀 [36mIndexing Pushed:[0m https://krisalaventis.in/krisala-aventis-tathawade-site-visit-book [Status: 200]
🚀 [36mIndexing Pushed:[0m https://krisalaventis.in/krisala-aventis-tathawade-smart-study-homes [Status: 200]
🚀 [36mIndexing Pushed:[0m https://krisalaventis.in/krisala-aventis-tathawade-terms-conditions [Status: 200]
🚀 [36mIndexing Pushed:[0m https://krisalaventis.in/krisala-aventis-tathawade-vastu-compliance [Status: 200]
🚀 [36mIndexing Pushed:[0m https://krisalaventis.in/krisala-aventis-vs-godrej-tathawade [Status: 200]
🚀 [36mIndexing Pushed:[0m https://krisalaventis.in/krisala-aventis-vs-kolte-patil-tathawade [Status: 200]
🚀 [36mIndexing Pushed:[0m https://krisalaventis.in/pcmc-luxury-apartments-tathawade-2026 [Status: 200]
🚀 [36mIndexing Pushed:[0m https://krisalaventis.in/residential-flats-near-hinjewadi-phase-3 [Status: 200]
🚀 [36mIndexing Pushed:[0m https://krisalaventis.in/sitemap-html [Status: 200]
🚀 [36mIndexing Pushed:[0m https://krisalaventis.in/tathawade-real-estate-investment-guide [Status: 200]
🚀 [36mIndexing Pushed:[0m https://krisalaventis.in/tathawade-vs-baner-property-2026 [Status: 200]
🚀 [36mIndexing Pushed:[0m https://krisalaventis.in/wakad-vs-tathawade-property-analysis [Status: 200]
[32m✨ All high-intent URLs pushed to Google Search Console.[0m
>> Running IndexNow Protocol...
✅ IndexNow Protocol Execution SUCCESS.
🚀 Blasted 52 URLs to Bing, Yahoo, DuckDuckGo, and Yandex.
Sovereign Sweep Completed: Sun Jul 19 00:00:53 IST 2026
=====================================================
=====================================================
Sovereign Sweep Initiated: Mon Jul 20 00:00:00 IST 2026
>> Running Google Indexing Protocol...
[32m✅ Authorized with Google Indexing API[0m
🚀 [36mIndexing Pushed:[0m https://krisalaventis.in/best-3-bhk-under-1-5-crore-pune-2026 [Status: 200]
🚀 [36mIndexing Pushed:[0m https://krisalaventis.in/how-to-buy-flat-in-west-pune-guide-2026 [Status: 200]
🚀 [36mIndexing Pushed:[0m https://krisalaventis.in/ [Status: 200]
🚀 [36mIndexing Pushed:[0m https://krisalaventis.in/krisala-aventis-premium-living-review [Status: 200]
🚀 [36mIndexing Pushed:[0m https://krisalaventis.in/krisala-aventis-special-offer [Status: 200]
🚀 [36mIndexing Pushed:[0m https://krisalaventis.in/krisala-aventis-tathawade-2-bhk-flats [Status: 200]
🚀 [36mIndexing Pushed:[0m https://krisalaventis.in/krisala-aventis-tathawade-3-bhk-luxury-apartments [Status: 200]
🚀 [36mIndexing Pushed:[0m https://krisalaventis.in/krisala-aventis-tathawade-aluform-technology [Status: 200]
🚀 [36mIndexing Pushed:[0m https://krisalaventis.in/krisala-aventis-tathawade-amenities-lifestyle [Status: 200]
🚀 [36mIndexing Pushed:[0m https://krisalaventis.in/krisala-aventis-tathawade-brochure-download [Status: 200]
🚀 [36mIndexing Pushed:[0m https://krisalaventis.in/krisala-aventis-tathawade-competitor-comparison [Status: 200]
🚀 [36mIndexing Pushed:[0m https://krisalaventis.in/krisala-aventis-tathawade-connectivity-it-hubs [Status: 200]
🚀 [36mIndexing Pushed:[0m https://krisalaventis.in/krisala-aventis-tathawade-construction-status [Status: 200]
🚀 [36mIndexing Pushed:[0m https://krisalaventis.in/krisala-aventis-tathawade-cost-sheet-estimator [Status: 200]
🚀 [36mIndexing Pushed:[0m https://krisalaventis.in/krisala-aventis-tathawade-customer-reviews-testimonials [Status: 200]
🚀 [36mIndexing Pushed:[0m https://krisalaventis.in/krisala-aventis-tathawade-developer-legacy [Status: 200]
🚀 [36mIndexing Pushed:[0m https://krisalaventis.in/krisala-aventis-tathawade-educational-hubs [Status: 200]
🚀 [36mIndexing Pushed:[0m https://krisalaventis.in/krisala-aventis-tathawade-flats-near-hinjewadi [Status: 200]
🚀 [36mIndexing Pushed:[0m https://krisalaventis.in/krisala-aventis-tathawade-growth-story-roi-2026 [Status: 200]
🚀 [36mIndexing Pushed:[0m https://krisalaventis.in/krisala-aventis-tathawade-hindi-janakari [Status: 200]
🚀 [36mIndexing Pushed:[0m https://krisalaventis.in/krisala-aventis-tathawade-home-loan-emi-calculator [Status: 200]
🚀 [36mIndexing Pushed:[0m https://krisalaventis.in/krisala-aventis-tathawade-investment-roi [Status: 200]
🚀 [36mIndexing Pushed:[0m https://krisalaventis.in/krisala-aventis-tathawade-lifestyle-it-park-proximity [Status: 200]
🚀 [36mIndexing Pushed:[0m https://krisalaventis.in/krisala-aventis-tathawade-local-area-guide-map [Status: 200]
🚀 [36mIndexing Pushed:[0m https://krisalaventis.in/krisala-aventis-tathawade-local-pune-review-hindi-marathi [Status: 200]
🚀 [36mIndexing Pushed:[0m https://krisalaventis.in/krisala-aventis-tathawade-luxury-specifications-aluform [Status: 200]
🚀 [36mIndexing Pushed:[0m https://krisalaventis.in/krisala-aventis-tathawade-marathi-mahiti [Status: 200]
🚀 [36mIndexing Pushed:[0m https://krisalaventis.in/krisala-aventis-tathawade-market-growth-calculator [Status: 200]
🚀 [36mIndexing Pushed:[0m https://krisalaventis.in/krisala-aventis-tathawade-near-aditya-birla-hospital [Status: 200]
🚀 [36mIndexing Pushed:[0m https://krisalaventis.in/krisala-aventis-tathawade-near-bhujbal-chowk [Status: 200]
🚀 [36mIndexing Pushed:[0m https://krisalaventis.in/krisala-aventis-tathawade-near-jspm-university [Status: 200]
🚀 [36mIndexing Pushed:[0m https://krisalaventis.in/krisala-aventis-tathawade-near-mumbai-pune-expressway [Status: 200]
🚀 [36mIndexing Pushed:[0m https://krisalaventis.in/krisala-aventis-tathawade-near-phoenix-mall-wakad [Status: 200]
🚀 [36mIndexing Pushed:[0m https://krisalaventis.in/krisala-aventis-tathawade-near-shakai-circle [Status: 200]
🚀 [36mIndexing Pushed:[0m https://krisalaventis.in/krisala-aventis-tathawade-nri-investment [Status: 200]
🚀 [36mIndexing Pushed:[0m https://krisalaventis.in/krisala-aventis-tathawade-possession-timeline-2026 [Status: 200]
🚀 [36mIndexing Pushed:[0m https://krisalaventis.in/krisala-aventis-tathawade-price-list [Status: 200]
🚀 [36mIndexing Pushed:[0m https://krisalaventis.in/krisala-aventis-tathawade-privacy-policy [Status: 200]
🚀 [36mIndexing Pushed:[0m https://krisalaventis.in/krisala-aventis-tathawade-public-transport [Status: 200]
🚀 [36mIndexing Pushed:[0m https://krisalaventis.in/krisala-aventis-tathawade-real-estate-glossary [Status: 200]
🚀 [36mIndexing Pushed:[0m https://krisalaventis.in/krisala-aventis-tathawade-site-visit-book [Status: 200]
🚀 [36mIndexing Pushed:[0m https://krisalaventis.in/krisala-aventis-tathawade-smart-study-homes [Status: 200]
🚀 [36mIndexing Pushed:[0m https://krisalaventis.in/krisala-aventis-tathawade-terms-conditions [Status: 200]
🚀 [36mIndexing Pushed:[0m https://krisalaventis.in/krisala-aventis-tathawade-vastu-compliance [Status: 200]
🚀 [36mIndexing Pushed:[0m https://krisalaventis.in/krisala-aventis-vs-godrej-tathawade [Status: 200]
🚀 [36mIndexing Pushed:[0m https://krisalaventis.in/krisala-aventis-vs-kolte-patil-tathawade [Status: 200]
🚀 [36mIndexing Pushed:[0m https://krisalaventis.in/pcmc-luxury-apartments-tathawade-2026 [Status: 200]
🚀 [36mIndexing Pushed:[0m https://krisalaventis.in/residential-flats-near-hinjewadi-phase-3 [Status: 200]
🚀 [36mIndexing Pushed:[0m https://krisalaventis.in/sitemap-html [Status: 200]
🚀 [36mIndexing Pushed:[0m https://krisalaventis.in/tathawade-real-estate-investment-guide [Status: 200]
🚀 [36mIndexing Pushed:[0m https://krisalaventis.in/tathawade-vs-baner-property-2026 [Status: 200]
🚀 [36mIndexing Pushed:[0m https://krisalaventis.in/wakad-vs-tathawade-property-analysis [Status: 200]
[32m✨ All high-intent URLs pushed to Google Search Console.[0m
>> Running IndexNow Protocol...
✅ IndexNow Protocol Execution SUCCESS.
🚀 Blasted 52 URLs to Bing, Yahoo, DuckDuckGo, and Yandex.
Sovereign Sweep Completed: Mon Jul 20 00:00:55 IST 2026
=====================================================
=====================================================
Sovereign Sweep Initiated: Tue Jul 21 00:00:00 IST 2026
>> Running Google Indexing Protocol...
[32m✅ Authorized with Google Indexing API[0m
🚀 [36mIndexing Pushed:[0m https://krisalaventis.in/best-3-bhk-under-1-5-crore-pune-2026 [Status: 200]
🚀 [36mIndexing Pushed:[0m https://krisalaventis.in/how-to-buy-flat-in-west-pune-guide-2026 [Status: 200]
🚀 [36mIndexing Pushed:[0m https://krisalaventis.in/ [Status: 200]
🚀 [36mIndexing Pushed:[0m https://krisalaventis.in/krisala-aventis-premium-living-review [Status: 200]
🚀 [36mIndexing Pushed:[0m https://krisalaventis.in/krisala-aventis-special-offer [Status: 200]
🚀 [36mIndexing Pushed:[0m https://krisalaventis.in/krisala-aventis-tathawade-2-bhk-flats [Status: 200]
🚀 [36mIndexing Pushed:[0m https://krisalaventis.in/krisala-aventis-tathawade-3-bhk-luxury-apartments [Status: 200]
🚀 [36mIndexing Pushed:[0m https://krisalaventis.in/krisala-aventis-tathawade-aluform-technology [Status: 200]
🚀 [36mIndexing Pushed:[0m https://krisalaventis.in/krisala-aventis-tathawade-amenities-lifestyle [Status: 200]
🚀 [36mIndexing Pushed:[0m https://krisalaventis.in/krisala-aventis-tathawade-brochure-download [Status: 200]
🚀 [36mIndexing Pushed:[0m https://krisalaventis.in/krisala-aventis-tathawade-competitor-comparison [Status: 200]
🚀 [36mIndexing Pushed:[0m https://krisalaventis.in/krisala-aventis-tathawade-connectivity-it-hubs [Status: 200]
🚀 [36mIndexing Pushed:[0m https://krisalaventis.in/krisala-aventis-tathawade-construction-status [Status: 200]
🚀 [36mIndexing Pushed:[0m https://krisalaventis.in/krisala-aventis-tathawade-cost-sheet-estimator [Status: 200]
🚀 [36mIndexing Pushed:[0m https://krisalaventis.in/krisala-aventis-tathawade-customer-reviews-testimonials [Status: 200]
🚀 [36mIndexing Pushed:[0m https://krisalaventis.in/krisala-aventis-tathawade-developer-legacy [Status: 200]
🚀 [36mIndexing Pushed:[0m https://krisalaventis.in/krisala-aventis-tathawade-educational-hubs [Status: 200]
🚀 [36mIndexing Pushed:[0m https://krisalaventis.in/krisala-aventis-tathawade-flats-near-hinjewadi [Status: 200]
🚀 [36mIndexing Pushed:[0m https://krisalaventis.in/krisala-aventis-tathawade-growth-story-roi-2026 [Status: 200]
🚀 [36mIndexing Pushed:[0m https://krisalaventis.in/krisala-aventis-tathawade-hindi-janakari [Status: 200]
🚀 [36mIndexing Pushed:[0m https://krisalaventis.in/krisala-aventis-tathawade-home-loan-emi-calculator [Status: 200]
🚀 [36mIndexing Pushed:[0m https://krisalaventis.in/krisala-aventis-tathawade-investment-roi [Status: 200]
🚀 [36mIndexing Pushed:[0m https://krisalaventis.in/krisala-aventis-tathawade-lifestyle-it-park-proximity [Status: 200]
🚀 [36mIndexing Pushed:[0m https://krisalaventis.in/krisala-aventis-tathawade-local-area-guide-map [Status: 200]
🚀 [36mIndexing Pushed:[0m https://krisalaventis.in/krisala-aventis-tathawade-local-pune-review-hindi-marathi [Status: 200]
🚀 [36mIndexing Pushed:[0m https://krisalaventis.in/krisala-aventis-tathawade-luxury-specifications-aluform [Status: 200]
🚀 [36mIndexing Pushed:[0m https://krisalaventis.in/krisala-aventis-tathawade-marathi-mahiti [Status: 200]
🚀 [36mIndexing Pushed:[0m https://krisalaventis.in/krisala-aventis-tathawade-market-growth-calculator [Status: 200]
🚀 [36mIndexing Pushed:[0m https://krisalaventis.in/krisala-aventis-tathawade-near-aditya-birla-hospital [Status: 200]
🚀 [36mIndexing Pushed:[0m https://krisalaventis.in/krisala-aventis-tathawade-near-bhujbal-chowk [Status: 200]
🚀 [36mIndexing Pushed:[0m https://krisalaventis.in/krisala-aventis-tathawade-near-jspm-university [Status: 200]
🚀 [36mIndexing Pushed:[0m https://krisalaventis.in/krisala-aventis-tathawade-near-mumbai-pune-expressway [Status: 200]
🚀 [36mIndexing Pushed:[0m https://krisalaventis.in/krisala-aventis-tathawade-near-phoenix-mall-wakad [Status: 200]
🚀 [36mIndexing Pushed:[0m https://krisalaventis.in/krisala-aventis-tathawade-near-shakai-circle [Status: 200]
🚀 [36mIndexing Pushed:[0m https://krisalaventis.in/krisala-aventis-tathawade-nri-investment [Status: 200]
🚀 [36mIndexing Pushed:[0m https://krisalaventis.in/krisala-aventis-tathawade-possession-timeline-2026 [Status: 200]
🚀 [36mIndexing Pushed:[0m https://krisalaventis.in/krisala-aventis-tathawade-price-list [Status: 200]
🚀 [36mIndexing Pushed:[0m https://krisalaventis.in/krisala-aventis-tathawade-privacy-policy [Status: 200]
🚀 [36mIndexing Pushed:[0m https://krisalaventis.in/krisala-aventis-tathawade-public-transport [Status: 200]
🚀 [36mIndexing Pushed:[0m https://krisalaventis.in/krisala-aventis-tathawade-real-estate-glossary [Status: 200]
🚀 [36mIndexing Pushed:[0m https://krisalaventis.in/krisala-aventis-tathawade-site-visit-book [Status: 200]
🚀 [36mIndexing Pushed:[0m https://krisalaventis.in/krisala-aventis-tathawade-smart-study-homes [Status: 200]
🚀 [36mIndexing Pushed:[0m https://krisalaventis.in/krisala-aventis-tathawade-terms-conditions [Status: 200]
🚀 [36mIndexing Pushed:[0m https://krisalaventis.in/krisala-aventis-tathawade-vastu-compliance [Status: 200]
🚀 [36mIndexing Pushed:[0m https://krisalaventis.in/krisala-aventis-vs-godrej-tathawade [Status: 200]
🚀 [36mIndexing Pushed:[0m https://krisalaventis.in/krisala-aventis-vs-kolte-patil-tathawade [Status: 200]
🚀 [36mIndexing Pushed:[0m https://krisalaventis.in/pcmc-luxury-apartments-tathawade-2026 [Status: 200]
🚀 [36mIndexing Pushed:[0m https://krisalaventis.in/residential-flats-near-hinjewadi-phase-3 [Status: 200]
🚀 [36mIndexing Pushed:[0m https://krisalaventis.in/sitemap-html [Status: 200]
🚀 [36mIndexing Pushed:[0m https://krisalaventis.in/tathawade-real-estate-investment-guide [Status: 200]
🚀 [36mIndexing Pushed:[0m https://krisalaventis.in/tathawade-vs-baner-property-2026 [Status: 200]
🚀 [36mIndexing Pushed:[0m https://krisalaventis.in/wakad-vs-tathawade-property-analysis [Status: 200]
[32m✨ All high-intent URLs pushed to Google Search Console.[0m
>> Running IndexNow Protocol...
✅ IndexNow Protocol Execution SUCCESS.
🚀 Blasted 52 URLs to Bing, Yahoo, DuckDuckGo, and Yandex.
Sovereign Sweep Completed: Tue Jul 21 00:00:52 IST 2026
=====================================================
=====================================================
Sovereign Sweep Initiated: Wed Jul 22 00:00:00 IST 2026
>> Running Google Indexing Protocol...
[32m✅ Authorized with Google Indexing API[0m
🚀 [36mIndexing Pushed:[0m https://krisalaventis.in/best-3-bhk-under-1-5-crore-pune-2026 [Status: 200]
🚀 [36mIndexing Pushed:[0m https://krisalaventis.in/how-to-buy-flat-in-west-pune-guide-2026 [Status: 200]
🚀 [36mIndexing Pushed:[0m https://krisalaventis.in/ [Status: 200]
🚀 [36mIndexing Pushed:[0m https://krisalaventis.in/krisala-aventis-premium-living-review [Status: 200]
🚀 [36mIndexing Pushed:[0m https://krisalaventis.in/krisala-aventis-special-offer [Status: 200]
🚀 [36mIndexing Pushed:[0m https://krisalaventis.in/krisala-aventis-tathawade-2-bhk-flats [Status: 200]
🚀 [36mIndexing Pushed:[0m https://krisalaventis.in/krisala-aventis-tathawade-3-bhk-luxury-apartments [Status: 200]
🚀 [36mIndexing Pushed:[0m https://krisalaventis.in/krisala-aventis-tathawade-aluform-technology [Status: 200]
🚀 [36mIndexing Pushed:[0m https://krisalaventis.in/krisala-aventis-tathawade-amenities-lifestyle [Status: 200]
🚀 [36mIndexing Pushed:[0m https://krisalaventis.in/krisala-aventis-tathawade-brochure-download [Status: 200]
🚀 [36mIndexing Pushed:[0m https://krisalaventis.in/krisala-aventis-tathawade-competitor-comparison [Status: 200]
🚀 [36mIndexing Pushed:[0m https://krisalaventis.in/krisala-aventis-tathawade-connectivity-it-hubs [Status: 200]
🚀 [36mIndexing Pushed:[0m https://krisalaventis.in/krisala-aventis-tathawade-construction-status [Status: 200]
🚀 [36mIndexing Pushed:[0m https://krisalaventis.in/krisala-aventis-tathawade-cost-sheet-estimator [Status: 200]
🚀 [36mIndexing Pushed:[0m https://krisalaventis.in/krisala-aventis-tathawade-customer-reviews-testimonials [Status: 200]
🚀 [36mIndexing Pushed:[0m https://krisalaventis.in/krisala-aventis-tathawade-developer-legacy [Status: 200]
🚀 [36mIndexing Pushed:[0m https://krisalaventis.in/krisala-aventis-tathawade-educational-hubs [Status: 200]
🚀 [36mIndexing Pushed:[0m https://krisalaventis.in/krisala-aventis-tathawade-flats-near-hinjewadi [Status: 200]
🚀 [36mIndexing Pushed:[0m https://krisalaventis.in/krisala-aventis-tathawade-growth-story-roi-2026 [Status: 200]
🚀 [36mIndexing Pushed:[0m https://krisalaventis.in/krisala-aventis-tathawade-hindi-janakari [Status: 200]
🚀 [36mIndexing Pushed:[0m https://krisalaventis.in/krisala-aventis-tathawade-home-loan-emi-calculator [Status: 200]
🚀 [36mIndexing Pushed:[0m https://krisalaventis.in/krisala-aventis-tathawade-investment-roi [Status: 200]
🚀 [36mIndexing Pushed:[0m https://krisalaventis.in/krisala-aventis-tathawade-lifestyle-it-park-proximity [Status: 200]
🚀 [36mIndexing Pushed:[0m https://krisalaventis.in/krisala-aventis-tathawade-local-area-guide-map [Status: 200]
🚀 [36mIndexing Pushed:[0m https://krisalaventis.in/krisala-aventis-tathawade-local-pune-review-hindi-marathi [Status: 200]
🚀 [36mIndexing Pushed:[0m https://krisalaventis.in/krisala-aventis-tathawade-luxury-specifications-aluform [Status: 200]
🚀 [36mIndexing Pushed:[0m https://krisalaventis.in/krisala-aventis-tathawade-marathi-mahiti [Status: 200]
🚀 [36mIndexing Pushed:[0m https://krisalaventis.in/krisala-aventis-tathawade-market-growth-calculator [Status: 200]
🚀 [36mIndexing Pushed:[0m https://krisalaventis.in/krisala-aventis-tathawade-near-aditya-birla-hospital [Status: 200]
🚀 [36mIndexing Pushed:[0m https://krisalaventis.in/krisala-aventis-tathawade-near-bhujbal-chowk [Status: 200]
🚀 [36mIndexing Pushed:[0m https://krisalaventis.in/krisala-aventis-tathawade-near-jspm-university [Status: 200]
🚀 [36mIndexing Pushed:[0m https://krisalaventis.in/krisala-aventis-tathawade-near-mumbai-pune-expressway [Status: 200]
🚀 [36mIndexing Pushed:[0m https://krisalaventis.in/krisala-aventis-tathawade-near-phoenix-mall-wakad [Status: 200]
🚀 [36mIndexing Pushed:[0m https://krisalaventis.in/krisala-aventis-tathawade-near-shakai-circle [Status: 200]
🚀 [36mIndexing Pushed:[0m https://krisalaventis.in/krisala-aventis-tathawade-nri-investment [Status: 200]
🚀 [36mIndexing Pushed:[0m https://krisalaventis.in/krisala-aventis-tathawade-possession-timeline-2026 [Status: 200]
🚀 [36mIndexing Pushed:[0m https://krisalaventis.in/krisala-aventis-tathawade-price-list [Status: 200]
🚀 [36mIndexing Pushed:[0m https://krisalaventis.in/krisala-aventis-tathawade-privacy-policy [Status: 200]
🚀 [36mIndexing Pushed:[0m https://krisalaventis.in/krisala-aventis-tathawade-public-transport [Status: 200]
🚀 [36mIndexing Pushed:[0m https://krisalaventis.in/krisala-aventis-tathawade-real-estate-glossary [Status: 200]
🚀 [36mIndexing Pushed:[0m https://krisalaventis.in/krisala-aventis-tathawade-site-visit-book [Status: 200]
🚀 [36mIndexing Pushed:[0m https://krisalaventis.in/krisala-aventis-tathawade-smart-study-homes [Status: 200]
🚀 [36mIndexing Pushed:[0m https://krisalaventis.in/krisala-aventis-tathawade-terms-conditions [Status: 200]
🚀 [36mIndexing Pushed:[0m https://krisalaventis.in/krisala-aventis-tathawade-vastu-compliance [Status: 200]
🚀 [36mIndexing Pushed:[0m https://krisalaventis.in/krisala-aventis-vs-godrej-tathawade [Status: 200]
🚀 [36mIndexing Pushed:[0m https://krisalaventis.in/krisala-aventis-vs-kolte-patil-tathawade [Status: 200]
🚀 [36mIndexing Pushed:[0m https://krisalaventis.in/pcmc-luxury-apartments-tathawade-2026 [Status: 200]
🚀 [36mIndexing Pushed:[0m https://krisalaventis.in/residential-flats-near-hinjewadi-phase-3 [Status: 200]
🚀 [36mIndexing Pushed:[0m https://krisalaventis.in/sitemap-html [Status: 200]
🚀 [36mIndexing Pushed:[0m https://krisalaventis.in/tathawade-real-estate-investment-guide [Status: 200]
🚀 [36mIndexing Pushed:[0m https://krisalaventis.in/tathawade-vs-baner-property-2026 [Status: 200]
🚀 [36mIndexing Pushed:[0m https://krisalaventis.in/wakad-vs-tathawade-property-analysis [Status: 200]
[32m✨ All high-intent URLs pushed to Google Search Console.[0m
>> Running IndexNow Protocol...
✅ IndexNow Protocol Execution SUCCESS.
🚀 Blasted 52 URLs to Bing, Yahoo, DuckDuckGo, and Yandex.
Sovereign Sweep Completed: Wed Jul 22 00:00:54 IST 2026
=====================================================
=====================================================
Sovereign Sweep Initiated: Thu Jul 23 00:00:00 IST 2026
>> Running Google Indexing Protocol...
[32m✅ Authorized with Google Indexing API[0m
🚀 [36mIndexing Pushed:[0m https://krisalaventis.in/best-3-bhk-under-1-5-crore-pune-2026 [Status: 200]
🚀 [36mIndexing Pushed:[0m https://krisalaventis.in/how-to-buy-flat-in-west-pune-guide-2026 [Status: 200]
🚀 [36mIndexing Pushed:[0m https://krisalaventis.in/ [Status: 200]
🚀 [36mIndexing Pushed:[0m https://krisalaventis.in/krisala-aventis-premium-living-review [Status: 200]
🚀 [36mIndexing Pushed:[0m https://krisalaventis.in/krisala-aventis-special-offer [Status: 200]
🚀 [36mIndexing Pushed:[0m https://krisalaventis.in/krisala-aventis-tathawade-2-bhk-flats [Status: 200]
🚀 [36mIndexing Pushed:[0m https://krisalaventis.in/krisala-aventis-tathawade-3-bhk-luxury-apartments [Status: 200]
🚀 [36mIndexing Pushed:[0m https://krisalaventis.in/krisala-aventis-tathawade-aluform-technology [Status: 200]
🚀 [36mIndexing Pushed:[0m https://krisalaventis.in/krisala-aventis-tathawade-amenities-lifestyle [Status: 200]
🚀 [36mIndexing Pushed:[0m https://krisalaventis.in/krisala-aventis-tathawade-brochure-download [Status: 200]
🚀 [36mIndexing Pushed:[0m https://krisalaventis.in/krisala-aventis-tathawade-competitor-comparison [Status: 200]
🚀 [36mIndexing Pushed:[0m https://krisalaventis.in/krisala-aventis-tathawade-connectivity-it-hubs [Status: 200]
🚀 [36mIndexing Pushed:[0m https://krisalaventis.in/krisala-aventis-tathawade-construction-status [Status: 200]
🚀 [36mIndexing Pushed:[0m https://krisalaventis.in/krisala-aventis-tathawade-cost-sheet-estimator [Status: 200]
🚀 [36mIndexing Pushed:[0m https://krisalaventis.in/krisala-aventis-tathawade-customer-reviews-testimonials [Status: 200]
🚀 [36mIndexing Pushed:[0m https://krisalaventis.in/krisala-aventis-tathawade-developer-legacy [Status: 200]
🚀 [36mIndexing Pushed:[0m https://krisalaventis.in/krisala-aventis-tathawade-educational-hubs [Status: 200]
🚀 [36mIndexing Pushed:[0m https://krisalaventis.in/krisala-aventis-tathawade-flats-near-hinjewadi [Status: 200]
🚀 [36mIndexing Pushed:[0m https://krisalaventis.in/krisala-aventis-tathawade-growth-story-roi-2026 [Status: 200]
🚀 [36mIndexing Pushed:[0m https://krisalaventis.in/krisala-aventis-tathawade-hindi-janakari [Status: 200]
🚀 [36mIndexing Pushed:[0m https://krisalaventis.in/krisala-aventis-tathawade-home-loan-emi-calculator [Status: 200]
🚀 [36mIndexing Pushed:[0m https://krisalaventis.in/krisala-aventis-tathawade-investment-roi [Status: 200]
🚀 [36mIndexing Pushed:[0m https://krisalaventis.in/krisala-aventis-tathawade-lifestyle-it-park-proximity [Status: 200]
🚀 [36mIndexing Pushed:[0m https://krisalaventis.in/krisala-aventis-tathawade-local-area-guide-map [Status: 200]
🚀 [36mIndexing Pushed:[0m https://krisalaventis.in/krisala-aventis-tathawade-local-pune-review-hindi-marathi [Status: 200]
🚀 [36mIndexing Pushed:[0m https://krisalaventis.in/krisala-aventis-tathawade-luxury-specifications-aluform [Status: 200]
🚀 [36mIndexing Pushed:[0m https://krisalaventis.in/krisala-aventis-tathawade-marathi-mahiti [Status: 200]
🚀 [36mIndexing Pushed:[0m https://krisalaventis.in/krisala-aventis-tathawade-market-growth-calculator [Status: 200]
🚀 [36mIndexing Pushed:[0m https://krisalaventis.in/krisala-aventis-tathawade-near-aditya-birla-hospital [Status: 200]
🚀 [36mIndexing Pushed:[0m https://krisalaventis.in/krisala-aventis-tathawade-near-bhujbal-chowk [Status: 200]
🚀 [36mIndexing Pushed:[0m https://krisalaventis.in/krisala-aventis-tathawade-near-jspm-university [Status: 200]
🚀 [36mIndexing Pushed:[0m https://krisalaventis.in/krisala-aventis-tathawade-near-mumbai-pune-expressway [Status: 200]
🚀 [36mIndexing Pushed:[0m https://krisalaventis.in/krisala-aventis-tathawade-near-phoenix-mall-wakad [Status: 200]
🚀 [36mIndexing Pushed:[0m https://krisalaventis.in/krisala-aventis-tathawade-near-shakai-circle [Status: 200]
🚀 [36mIndexing Pushed:[0m https://krisalaventis.in/krisala-aventis-tathawade-nri-investment [Status: 200]
🚀 [36mIndexing Pushed:[0m https://krisalaventis.in/krisala-aventis-tathawade-possession-timeline-2026 [Status: 200]
🚀 [36mIndexing Pushed:[0m https://krisalaventis.in/krisala-aventis-tathawade-price-list [Status: 200]
🚀 [36mIndexing Pushed:[0m https://krisalaventis.in/krisala-aventis-tathawade-privacy-policy [Status: 200]
🚀 [36mIndexing Pushed:[0m https://krisalaventis.in/krisala-aventis-tathawade-public-transport [Status: 200]
🚀 [36mIndexing Pushed:[0m https://krisalaventis.in/krisala-aventis-tathawade-real-estate-glossary [Status: 200]
🚀 [36mIndexing Pushed:[0m https://krisalaventis.in/krisala-aventis-tathawade-site-visit-book [Status: 200]
🚀 [36mIndexing Pushed:[0m https://krisalaventis.in/krisala-aventis-tathawade-smart-study-homes [Status: 200]
🚀 [36mIndexing Pushed:[0m https://krisalaventis.in/krisala-aventis-tathawade-terms-conditions [Status: 200]
🚀 [36mIndexing Pushed:[0m https://krisalaventis.in/krisala-aventis-tathawade-vastu-compliance [Status: 200]
🚀 [36mIndexing Pushed:[0m https://krisalaventis.in/krisala-aventis-vs-godrej-tathawade [Status: 200]
🚀 [36mIndexing Pushed:[0m https://krisalaventis.in/krisala-aventis-vs-kolte-patil-tathawade [Status: 200]
🚀 [36mIndexing Pushed:[0m https://krisalaventis.in/pcmc-luxury-apartments-tathawade-2026 [Status: 200]
🚀 [36mIndexing Pushed:[0m https://krisalaventis.in/residential-flats-near-hinjewadi-phase-3 [Status: 200]
🚀 [36mIndexing Pushed:[0m https://krisalaventis.in/sitemap-html [Status: 200]
🚀 [36mIndexing Pushed:[0m https://krisalaventis.in/tathawade-real-estate-investment-guide [Status: 200]
🚀 [36mIndexing Pushed:[0m https://krisalaventis.in/tathawade-vs-baner-property-2026 [Status: 200]
🚀 [36mIndexing Pushed:[0m https://krisalaventis.in/wakad-vs-tathawade-property-analysis [Status: 200]
[32m✨ All high-intent URLs pushed to Google Search Console.[0m
>> Running IndexNow Protocol...
✅ IndexNow Protocol Execution SUCCESS.
🚀 Blasted 52 URLs to Bing, Yahoo, DuckDuckGo, and Yandex.
Sovereign Sweep Completed: Thu Jul 23 00:00:53 IST 2026
=====================================================
=====================================================
Sovereign Sweep Initiated: Fri Jul 24 00:00:00 IST 2026
>> Running Google Indexing Protocol...
[32m✅ Authorized with Google Indexing API[0m
🚀 [36mIndexing Pushed:[0m https://krisalaventis.in/best-3-bhk-under-1-5-crore-pune-2026 [Status: 200]
🚀 [36mIndexing Pushed:[0m https://krisalaventis.in/how-to-buy-flat-in-west-pune-guide-2026 [Status: 200]
🚀 [36mIndexing Pushed:[0m https://krisalaventis.in/ [Status: 200]
🚀 [36mIndexing Pushed:[0m https://krisalaventis.in/krisala-aventis-premium-living-review [Status: 200]
🚀 [36mIndexing Pushed:[0m https://krisalaventis.in/krisala-aventis-special-offer [Status: 200]
🚀 [36mIndexing Pushed:[0m https://krisalaventis.in/krisala-aventis-tathawade-2-bhk-flats [Status: 200]
🚀 [36mIndexing Pushed:[0m https://krisalaventis.in/krisala-aventis-tathawade-3-bhk-luxury-apartments [Status: 200]
🚀 [36mIndexing Pushed:[0m https://krisalaventis.in/krisala-aventis-tathawade-aluform-technology [Status: 200]
🚀 [36mIndexing Pushed:[0m https://krisalaventis.in/krisala-aventis-tathawade-amenities-lifestyle [Status: 200]
🚀 [36mIndexing Pushed:[0m https://krisalaventis.in/krisala-aventis-tathawade-brochure-download [Status: 200]
🚀 [36mIndexing Pushed:[0m https://krisalaventis.in/krisala-aventis-tathawade-competitor-comparison [Status: 200]
🚀 [36mIndexing Pushed:[0m https://krisalaventis.in/krisala-aventis-tathawade-connectivity-it-hubs [Status: 200]
🚀 [36mIndexing Pushed:[0m https://krisalaventis.in/krisala-aventis-tathawade-construction-status [Status: 200]
🚀 [36mIndexing Pushed:[0m https://krisalaventis.in/krisala-aventis-tathawade-cost-sheet-estimator [Status: 200]
🚀 [36mIndexing Pushed:[0m https://krisalaventis.in/krisala-aventis-tathawade-customer-reviews-testimonials [Status: 200]
🚀 [36mIndexing Pushed:[0m https://krisalaventis.in/krisala-aventis-tathawade-developer-legacy [Status: 200]
🚀 [36mIndexing Pushed:[0m https://krisalaventis.in/krisala-aventis-tathawade-educational-hubs [Status: 200]
🚀 [36mIndexing Pushed:[0m https://krisalaventis.in/krisala-aventis-tathawade-flats-near-hinjewadi [Status: 200]
🚀 [36mIndexing Pushed:[0m https://krisalaventis.in/krisala-aventis-tathawade-growth-story-roi-2026 [Status: 200]
🚀 [36mIndexing Pushed:[0m https://krisalaventis.in/krisala-aventis-tathawade-hindi-janakari [Status: 200]
🚀 [36mIndexing Pushed:[0m https://krisalaventis.in/krisala-aventis-tathawade-home-loan-emi-calculator [Status: 200]
🚀 [36mIndexing Pushed:[0m https://krisalaventis.in/krisala-aventis-tathawade-investment-roi [Status: 200]
🚀 [36mIndexing Pushed:[0m https://krisalaventis.in/krisala-aventis-tathawade-lifestyle-it-park-proximity [Status: 200]
🚀 [36mIndexing Pushed:[0m https://krisalaventis.in/krisala-aventis-tathawade-local-area-guide-map [Status: 200]
🚀 [36mIndexing Pushed:[0m https://krisalaventis.in/krisala-aventis-tathawade-local-pune-review-hindi-marathi [Status: 200]
🚀 [36mIndexing Pushed:[0m https://krisalaventis.in/krisala-aventis-tathawade-luxury-specifications-aluform [Status: 200]
🚀 [36mIndexing Pushed:[0m https://krisalaventis.in/krisala-aventis-tathawade-marathi-mahiti [Status: 200]
🚀 [36mIndexing Pushed:[0m https://krisalaventis.in/krisala-aventis-tathawade-market-growth-calculator [Status: 200]
🚀 [36mIndexing Pushed:[0m https://krisalaventis.in/krisala-aventis-tathawade-near-aditya-birla-hospital [Status: 200]
🚀 [36mIndexing Pushed:[0m https://krisalaventis.in/krisala-aventis-tathawade-near-bhujbal-chowk [Status: 200]
🚀 [36mIndexing Pushed:[0m https://krisalaventis.in/krisala-aventis-tathawade-near-jspm-university [Status: 200]
🚀 [36mIndexing Pushed:[0m https://krisalaventis.in/krisala-aventis-tathawade-near-mumbai-pune-expressway [Status: 200]
🚀 [36mIndexing Pushed:[0m https://krisalaventis.in/krisala-aventis-tathawade-near-phoenix-mall-wakad [Status: 200]
🚀 [36mIndexing Pushed:[0m https://krisalaventis.in/krisala-aventis-tathawade-near-shakai-circle [Status: 200]
🚀 [36mIndexing Pushed:[0m https://krisalaventis.in/krisala-aventis-tathawade-nri-investment [Status: 200]
🚀 [36mIndexing Pushed:[0m https://krisalaventis.in/krisala-aventis-tathawade-possession-timeline-2026 [Status: 200]
🚀 [36mIndexing Pushed:[0m https://krisalaventis.in/krisala-aventis-tathawade-price-list [Status: 200]
🚀 [36mIndexing Pushed:[0m https://krisalaventis.in/krisala-aventis-tathawade-privacy-policy [Status: 200]
🚀 [36mIndexing Pushed:[0m https://krisalaventis.in/krisala-aventis-tathawade-public-transport [Status: 200]
🚀 [36mIndexing Pushed:[0m https://krisalaventis.in/krisala-aventis-tathawade-real-estate-glossary [Status: 200]
🚀 [36mIndexing Pushed:[0m https://krisalaventis.in/krisala-aventis-tathawade-site-visit-book [Status: 200]
🚀 [36mIndexing Pushed:[0m https://krisalaventis.in/krisala-aventis-tathawade-smart-study-homes [Status: 200]
🚀 [36mIndexing Pushed:[0m https://krisalaventis.in/krisala-aventis-tathawade-terms-conditions [Status: 200]
🚀 [36mIndexing Pushed:[0m https://krisalaventis.in/krisala-aventis-tathawade-vastu-compliance [Status: 200]
🚀 [36mIndexing Pushed:[0m https://krisalaventis.in/krisala-aventis-vs-godrej-tathawade [Status: 200]
🚀 [36mIndexing Pushed:[0m https://krisalaventis.in/krisala-aventis-vs-kolte-patil-tathawade [Status: 200]
🚀 [36mIndexing Pushed:[0m https://krisalaventis.in/pcmc-luxury-apartments-tathawade-2026 [Status: 200]
🚀 [36mIndexing Pushed:[0m https://krisalaventis.in/residential-flats-near-hinjewadi-phase-3 [Status: 200]
🚀 [36mIndexing Pushed:[0m https://krisalaventis.in/sitemap-html [Status: 200]
🚀 [36mIndexing Pushed:[0m https://krisalaventis.in/tathawade-real-estate-investment-guide [Status: 200]
🚀 [36mIndexing Pushed:[0m https://krisalaventis.in/tathawade-vs-baner-property-2026 [Status: 200]
🚀 [36mIndexing Pushed:[0m https://krisalaventis.in/wakad-vs-tathawade-property-analysis [Status: 200]
[32m✨ All high-intent URLs pushed to Google Search Console.[0m
>> Running IndexNow Protocol...
✅ IndexNow Protocol Execution SUCCESS.
🚀 Blasted 52 URLs to Bing, Yahoo, DuckDuckGo, and Yandex.
Sovereign Sweep Completed: Fri Jul 24 00:00:51 IST 2026
=====================================================
=====================================================
Sovereign Sweep Initiated: Sun Jul 26 00:00:00 IST 2026
>> Running Google Indexing Protocol...
[32m✅ Authorized with Google Indexing API[0m
🚀 [36mIndexing Pushed:[0m https://krisalaventis.in/best-3-bhk-under-1-5-crore-pune-2026 [Status: 200]
🚀 [36mIndexing Pushed:[0m https://krisalaventis.in/how-to-buy-flat-in-west-pune-guide-2026 [Status: 200]
🚀 [36mIndexing Pushed:[0m https://krisalaventis.in/ [Status: 200]
🚀 [36mIndexing Pushed:[0m https://krisalaventis.in/krisala-aventis-premium-living-review [Status: 200]
🚀 [36mIndexing Pushed:[0m https://krisalaventis.in/krisala-aventis-special-offer [Status: 200]
🚀 [36mIndexing Pushed:[0m https://krisalaventis.in/krisala-aventis-tathawade-2-bhk-flats [Status: 200]
🚀 [36mIndexing Pushed:[0m https://krisalaventis.in/krisala-aventis-tathawade-3-bhk-luxury-apartments [Status: 200]
🚀 [36mIndexing Pushed:[0m https://krisalaventis.in/krisala-aventis-tathawade-aluform-technology [Status: 200]
🚀 [36mIndexing Pushed:[0m https://krisalaventis.in/krisala-aventis-tathawade-amenities-lifestyle [Status: 200]
🚀 [36mIndexing Pushed:[0m https://krisalaventis.in/krisala-aventis-tathawade-brochure-download [Status: 200]
🚀 [36mIndexing Pushed:[0m https://krisalaventis.in/krisala-aventis-tathawade-competitor-comparison [Status: 200]
🚀 [36mIndexing Pushed:[0m https://krisalaventis.in/krisala-aventis-tathawade-connectivity-it-hubs [Status: 200]
🚀 [36mIndexing Pushed:[0m https://krisalaventis.in/krisala-aventis-tathawade-construction-status [Status: 200]
🚀 [36mIndexing Pushed:[0m https://krisalaventis.in/krisala-aventis-tathawade-cost-sheet-estimator [Status: 200]
🚀 [36mIndexing Pushed:[0m https://krisalaventis.in/krisala-aventis-tathawade-customer-reviews-testimonials [Status: 200]
🚀 [36mIndexing Pushed:[0m https://krisalaventis.in/krisala-aventis-tathawade-developer-legacy [Status: 200]
🚀 [36mIndexing Pushed:[0m https://krisalaventis.in/krisala-aventis-tathawade-educational-hubs [Status: 200]
🚀 [36mIndexing Pushed:[0m https://krisalaventis.in/krisala-aventis-tathawade-flats-near-hinjewadi [Status: 200]
🚀 [36mIndexing Pushed:[0m https://krisalaventis.in/krisala-aventis-tathawade-growth-story-roi-2026 [Status: 200]
🚀 [36mIndexing Pushed:[0m https://krisalaventis.in/krisala-aventis-tathawade-hindi-janakari [Status: 200]
🚀 [36mIndexing Pushed:[0m https://krisalaventis.in/krisala-aventis-tathawade-home-loan-emi-calculator [Status: 200]
🚀 [36mIndexing Pushed:[0m https://krisalaventis.in/krisala-aventis-tathawade-investment-roi [Status: 200]
🚀 [36mIndexing Pushed:[0m https://krisalaventis.in/krisala-aventis-tathawade-lifestyle-it-park-proximity [Status: 200]
🚀 [36mIndexing Pushed:[0m https://krisalaventis.in/krisala-aventis-tathawade-local-area-guide-map [Status: 200]
🚀 [36mIndexing Pushed:[0m https://krisalaventis.in/krisala-aventis-tathawade-local-pune-review-hindi-marathi [Status: 200]
🚀 [36mIndexing Pushed:[0m https://krisalaventis.in/krisala-aventis-tathawade-luxury-specifications-aluform [Status: 200]
🚀 [36mIndexing Pushed:[0m https://krisalaventis.in/krisala-aventis-tathawade-marathi-mahiti [Status: 200]
🚀 [36mIndexing Pushed:[0m https://krisalaventis.in/krisala-aventis-tathawade-market-growth-calculator [Status: 200]
🚀 [36mIndexing Pushed:[0m https://krisalaventis.in/krisala-aventis-tathawade-near-aditya-birla-hospital [Status: 200]
🚀 [36mIndexing Pushed:[0m https://krisalaventis.in/krisala-aventis-tathawade-near-bhujbal-chowk [Status: 200]
🚀 [36mIndexing Pushed:[0m https://krisalaventis.in/krisala-aventis-tathawade-near-jspm-university [Status: 200]
🚀 [36mIndexing Pushed:[0m https://krisalaventis.in/krisala-aventis-tathawade-near-mumbai-pune-expressway [Status: 200]
🚀 [36mIndexing Pushed:[0m https://krisalaventis.in/krisala-aventis-tathawade-near-phoenix-mall-wakad [Status: 200]
🚀 [36mIndexing Pushed:[0m https://krisalaventis.in/krisala-aventis-tathawade-near-shakai-circle [Status: 200]
🚀 [36mIndexing Pushed:[0m https://krisalaventis.in/krisala-aventis-tathawade-nri-investment [Status: 200]
🚀 [36mIndexing Pushed:[0m https://krisalaventis.in/krisala-aventis-tathawade-possession-timeline-2026 [Status: 200]
🚀 [36mIndexing Pushed:[0m https://krisalaventis.in/krisala-aventis-tathawade-price-list [Status: 200]
🚀 [36mIndexing Pushed:[0m https://krisalaventis.in/krisala-aventis-tathawade-privacy-policy [Status: 200]
🚀 [36mIndexing Pushed:[0m https://krisalaventis.in/krisala-aventis-tathawade-public-transport [Status: 200]
🚀 [36mIndexing Pushed:[0m https://krisalaventis.in/krisala-aventis-tathawade-real-estate-glossary [Status: 200]
🚀 [36mIndexing Pushed:[0m https://krisalaventis.in/krisala-aventis-tathawade-site-visit-book [Status: 200]
🚀 [36mIndexing Pushed:[0m https://krisalaventis.in/krisala-aventis-tathawade-smart-study-homes [Status: 200]
🚀 [36mIndexing Pushed:[0m https://krisalaventis.in/krisala-aventis-tathawade-terms-conditions [Status: 200]
🚀 [36mIndexing Pushed:[0m https://krisalaventis.in/krisala-aventis-tathawade-vastu-compliance [Status: 200]
🚀 [36mIndexing Pushed:[0m https://krisalaventis.in/krisala-aventis-vs-godrej-tathawade [Status: 200]
🚀 [36mIndexing Pushed:[0m https://krisalaventis.in/krisala-aventis-vs-kolte-patil-tathawade [Status: 200]
🚀 [36mIndexing Pushed:[0m https://krisalaventis.in/pcmc-luxury-apartments-tathawade-2026 [Status: 200]
🚀 [36mIndexing Pushed:[0m https://krisalaventis.in/residential-flats-near-hinjewadi-phase-3 [Status: 200]
🚀 [36mIndexing Pushed:[0m https://krisalaventis.in/sitemap-html [Status: 200]
🚀 [36mIndexing Pushed:[0m https://krisalaventis.in/tathawade-real-estate-investment-guide [Status: 200]
🚀 [36mIndexing Pushed:[0m https://krisalaventis.in/tathawade-vs-baner-property-2026 [Status: 200]
🚀 [36mIndexing Pushed:[0m https://krisalaventis.in/wakad-vs-tathawade-property-analysis [Status: 200]
[32m✨ All high-intent URLs pushed to Google Search Console.[0m
>> Running IndexNow Protocol...
✅ IndexNow Protocol Execution SUCCESS.
🚀 Blasted 52 URLs to Bing, Yahoo, DuckDuckGo, and Yandex.
Sovereign Sweep Completed: Sun Jul 26 00:00:51 IST 2026
=====================================================
=====================================================
Sovereign Sweep Initiated: Mon Jul 27 00:01:47 IST 2026
>> Running Google Indexing Protocol...
[32m✅ Authorized with Google Indexing API[0m
🚀 [36mIndexing Pushed:[0m https://krisalaventis.in/best-3-bhk-under-1-5-crore-pune-2026 [Status: 200]
🚀 [36mIndexing Pushed:[0m https://krisalaventis.in/how-to-buy-flat-in-west-pune-guide-2026 [Status: 200]
🚀 [36mIndexing Pushed:[0m https://krisalaventis.in/ [Status: 200]
🚀 [36mIndexing Pushed:[0m https://krisalaventis.in/krisala-aventis-premium-living-review [Status: 200]
🚀 [36mIndexing Pushed:[0m https://krisalaventis.in/krisala-aventis-special-offer [Status: 200]
🚀 [36mIndexing Pushed:[0m https://krisalaventis.in/krisala-aventis-tathawade-2-bhk-flats [Status: 200]
🚀 [36mIndexing Pushed:[0m https://krisalaventis.in/krisala-aventis-tathawade-3-bhk-luxury-apartments [Status: 200]
🚀 [36mIndexing Pushed:[0m https://krisalaventis.in/krisala-aventis-tathawade-aluform-technology [Status: 200]
🚀 [36mIndexing Pushed:[0m https://krisalaventis.in/krisala-aventis-tathawade-amenities-lifestyle [Status: 200]
🚀 [36mIndexing Pushed:[0m https://krisalaventis.in/krisala-aventis-tathawade-brochure-download [Status: 200]
🚀 [36mIndexing Pushed:[0m https://krisalaventis.in/krisala-aventis-tathawade-competitor-comparison [Status: 200]
🚀 [36mIndexing Pushed:[0m https://krisalaventis.in/krisala-aventis-tathawade-connectivity-it-hubs [Status: 200]
🚀 [36mIndexing Pushed:[0m https://krisalaventis.in/krisala-aventis-tathawade-construction-status [Status: 200]
🚀 [36mIndexing Pushed:[0m https://krisalaventis.in/krisala-aventis-tathawade-cost-sheet-estimator [Status: 200]
🚀 [36mIndexing Pushed:[0m https://krisalaventis.in/krisala-aventis-tathawade-customer-reviews-testimonials [Status: 200]
🚀 [36mIndexing Pushed:[0m https://krisalaventis.in/krisala-aventis-tathawade-developer-legacy [Status: 200]
🚀 [36mIndexing Pushed:[0m https://krisalaventis.in/krisala-aventis-tathawade-educational-hubs [Status: 200]
🚀 [36mIndexing Pushed:[0m https://krisalaventis.in/krisala-aventis-tathawade-flats-near-hinjewadi [Status: 200]
🚀 [36mIndexing Pushed:[0m https://krisalaventis.in/krisala-aventis-tathawade-growth-story-roi-2026 [Status: 200]
🚀 [36mIndexing Pushed:[0m https://krisalaventis.in/krisala-aventis-tathawade-hindi-janakari [Status: 200]
🚀 [36mIndexing Pushed:[0m https://krisalaventis.in/krisala-aventis-tathawade-home-loan-emi-calculator [Status: 200]
🚀 [36mIndexing Pushed:[0m https://krisalaventis.in/krisala-aventis-tathawade-investment-roi [Status: 200]
🚀 [36mIndexing Pushed:[0m https://krisalaventis.in/krisala-aventis-tathawade-lifestyle-it-park-proximity [Status: 200]
🚀 [36mIndexing Pushed:[0m https://krisalaventis.in/krisala-aventis-tathawade-local-area-guide-map [Status: 200]
🚀 [36mIndexing Pushed:[0m https://krisalaventis.in/krisala-aventis-tathawade-local-pune-review-hindi-marathi [Status: 200]
🚀 [36mIndexing Pushed:[0m https://krisalaventis.in/krisala-aventis-tathawade-luxury-specifications-aluform [Status: 200]
[31m⚠️ Fatal API Error:[0m request to https://indexing.googleapis.com/v3/urlNotifications:publish failed, reason: read ECONNRESET
>> Running IndexNow Protocol...
❌ Unexpected Error: [Errno 54] Connection reset by peer
Sovereign Sweep Completed: Mon Jul 27 02:06:08 IST 2026
=====================================================
=====================================================
Sovereign Sweep Initiated: Wed Jul 29 00:00:00 IST 2026
>> Running Google Indexing Protocol...
[32m✅ Authorized with Google Indexing API[0m
🚀 [36mIndexing Pushed:[0m https://krisalaventis.in/best-3-bhk-under-1-5-crore-pune-2026 [Status: 200]
🚀 [36mIndexing Pushed:[0m https://krisalaventis.in/how-to-buy-flat-in-west-pune-guide-2026 [Status: 200]
🚀 [36mIndexing Pushed:[0m https://krisalaventis.in/ [Status: 200]
🚀 [36mIndexing Pushed:[0m https://krisalaventis.in/krisala-aventis-premium-living-review [Status: 200]
🚀 [36mIndexing Pushed:[0m https://krisalaventis.in/krisala-aventis-special-offer [Status: 200]
🚀 [36mIndexing Pushed:[0m https://krisalaventis.in/krisala-aventis-tathawade-2-bhk-flats [Status: 200]
🚀 [36mIndexing Pushed:[0m https://krisalaventis.in/krisala-aventis-tathawade-3-bhk-luxury-apartments [Status: 200]
🚀 [36mIndexing Pushed:[0m https://krisalaventis.in/krisala-aventis-tathawade-aluform-technology [Status: 200]
🚀 [36mIndexing Pushed:[0m https://krisalaventis.in/krisala-aventis-tathawade-amenities-lifestyle [Status: 200]
🚀 [36mIndexing Pushed:[0m https://krisalaventis.in/krisala-aventis-tathawade-brochure-download [Status: 200]
🚀 [36mIndexing Pushed:[0m https://krisalaventis.in/krisala-aventis-tathawade-competitor-comparison [Status: 200]
🚀 [36mIndexing Pushed:[0m https://krisalaventis.in/krisala-aventis-tathawade-connectivity-it-hubs [Status: 200]
🚀 [36mIndexing Pushed:[0m https://krisalaventis.in/krisala-aventis-tathawade-construction-status [Status: 200]
🚀 [36mIndexing Pushed:[0m https://krisalaventis.in/krisala-aventis-tathawade-cost-sheet-estimator [Status: 200]
🚀 [36mIndexing Pushed:[0m https://krisalaventis.in/krisala-aventis-tathawade-customer-reviews-testimonials [Status: 200]
🚀 [36mIndexing Pushed:[0m https://krisalaventis.in/krisala-aventis-tathawade-developer-legacy [Status: 200]
🚀 [36mIndexing Pushed:[0m https://krisalaventis.in/krisala-aventis-tathawade-educational-hubs [Status: 200]
🚀 [36mIndexing Pushed:[0m https://krisalaventis.in/krisala-aventis-tathawade-flats-near-hinjewadi [Status: 200]
🚀 [36mIndexing Pushed:[0m https://krisalaventis.in/krisala-aventis-tathawade-growth-story-roi-2026 [Status: 200]
🚀 [36mIndexing Pushed:[0m https://krisalaventis.in/krisala-aventis-tathawade-hindi-janakari [Status: 200]
🚀 [36mIndexing Pushed:[0m https://krisalaventis.in/krisala-aventis-tathawade-home-loan-emi-calculator [Status: 200]
🚀 [36mIndexing Pushed:[0m https://krisalaventis.in/krisala-aventis-tathawade-investment-roi [Status: 200]
🚀 [36mIndexing Pushed:[0m https://krisalaventis.in/krisala-aventis-tathawade-lifestyle-it-park-proximity [Status: 200]
🚀 [36mIndexing Pushed:[0m https://krisalaventis.in/krisala-aventis-tathawade-local-area-guide-map [Status: 200]
🚀 [36mIndexing Pushed:[0m https://krisalaventis.in/krisala-aventis-tathawade-local-pune-review-hindi-marathi [Status: 200]
🚀 [36mIndexing Pushed:[0m https://krisalaventis.in/krisala-aventis-tathawade-luxury-specifications-aluform [Status: 200]
🚀 [36mIndexing Pushed:[0m https://krisalaventis.in/krisala-aventis-tathawade-marathi-mahiti [Status: 200]
🚀 [36mIndexing Pushed:[0m https://krisalaventis.in/krisala-aventis-tathawade-market-growth-calculator [Status: 200]
🚀 [36mIndexing Pushed:[0m https://krisalaventis.in/krisala-aventis-tathawade-near-aditya-birla-hospital [Status: 200]
🚀 [36mIndexing Pushed:[0m https://krisalaventis.in/krisala-aventis-tathawade-near-bhujbal-chowk [Status: 200]
🚀 [36mIndexing Pushed:[0m https://krisalaventis.in/krisala-aventis-tathawade-near-jspm-university [Status: 200]
🚀 [36mIndexing Pushed:[0m https://krisalaventis.in/krisala-aventis-tathawade-near-mumbai-pune-expressway [Status: 200]
🚀 [36mIndexing Pushed:[0m https://krisalaventis.in/krisala-aventis-tathawade-near-phoenix-mall-wakad [Status: 200]
🚀 [36mIndexing Pushed:[0m https://krisalaventis.in/krisala-aventis-tathawade-near-shakai-circle [Status: 200]
🚀 [36mIndexing Pushed:[0m https://krisalaventis.in/krisala-aventis-tathawade-nri-investment [Status: 200]
🚀 [36mIndexing Pushed:[0m https://krisalaventis.in/krisala-aventis-tathawade-possession-timeline-2026 [Status: 200]
🚀 [36mIndexing Pushed:[0m https://krisalaventis.in/krisala-aventis-tathawade-price-list [Status: 200]
🚀 [36mIndexing Pushed:[0m https://krisalaventis.in/krisala-aventis-tathawade-privacy-policy [Status: 200]
🚀 [36mIndexing Pushed:[0m https://krisalaventis.in/krisala-aventis-tathawade-public-transport [Status: 200]
🚀 [36mIndexing Pushed:[0m https://krisalaventis.in/krisala-aventis-tathawade-real-estate-glossary [Status: 200]
🚀 [36mIndexing Pushed:[0m https://krisalaventis.in/krisala-aventis-tathawade-site-visit-book [Status: 200]
🚀 [36mIndexing Pushed:[0m https://krisalaventis.in/krisala-aventis-tathawade-smart-study-homes [Status: 200]
🚀 [36mIndexing Pushed:[0m https://krisalaventis.in/krisala-aventis-tathawade-terms-conditions [Status: 200]
🚀 [36mIndexing Pushed:[0m https://krisalaventis.in/krisala-aventis-tathawade-vastu-compliance [Status: 200]
🚀 [36mIndexing Pushed:[0m https://krisalaventis.in/krisala-aventis-vs-godrej-tathawade [Status: 200]
🚀 [36mIndexing Pushed:[0m https://krisalaventis.in/krisala-aventis-vs-kolte-patil-tathawade [Status: 200]
🚀 [36mIndexing Pushed:[0m https://krisalaventis.in/pcmc-luxury-apartments-tathawade-2026 [Status: 200]
🚀 [36mIndexing Pushed:[0m https://krisalaventis.in/residential-flats-near-hinjewadi-phase-3 [Status: 200]
🚀 [36mIndexing Pushed:[0m https://krisalaventis.in/sitemap-html [Status: 200]
🚀 [36mIndexing Pushed:[0m https://krisalaventis.in/tathawade-real-estate-investment-guide [Status: 200]
🚀 [36mIndexing Pushed:[0m https://krisalaventis.in/tathawade-vs-baner-property-2026 [Status: 200]
🚀 [36mIndexing Pushed:[0m https://krisalaventis.in/wakad-vs-tathawade-property-analysis [Status: 200]
[32m✨ All high-intent URLs pushed to Google Search Console.[0m
>> Running IndexNow Protocol...
✅ IndexNow Protocol Execution SUCCESS.
🚀 Blasted 52 URLs to Bing, Yahoo, DuckDuckGo, and Yandex.
Sovereign Sweep Completed: Wed Jul 29 00:00:53 IST 2026
=====================================================
=====================================================
Sovereign Sweep Initiated: Thu Jul 30 00:00:00 IST 2026
>> Running Google Indexing Protocol...
[32m✅ Authorized with Google Indexing API[0m
🚀 [36mIndexing Pushed:[0m https://krisalaventis.in/best-3-bhk-under-1-5-crore-pune-2026 [Status: 200]
🚀 [36mIndexing Pushed:[0m https://krisalaventis.in/how-to-buy-flat-in-west-pune-guide-2026 [Status: 200]
🚀 [36mIndexing Pushed:[0m https://krisalaventis.in/ [Status: 200]
🚀 [36mIndexing Pushed:[0m https://krisalaventis.in/krisala-aventis-premium-living-review [Status: 200]
🚀 [36mIndexing Pushed:[0m https://krisalaventis.in/krisala-aventis-special-offer [Status: 200]
🚀 [36mIndexing Pushed:[0m https://krisalaventis.in/krisala-aventis-tathawade-2-bhk-flats [Status: 200]
🚀 [36mIndexing Pushed:[0m https://krisalaventis.in/krisala-aventis-tathawade-3-bhk-luxury-apartments [Status: 200]
🚀 [36mIndexing Pushed:[0m https://krisalaventis.in/krisala-aventis-tathawade-aluform-technology [Status: 200]
🚀 [36mIndexing Pushed:[0m https://krisalaventis.in/krisala-aventis-tathawade-amenities-lifestyle [Status: 200]
🚀 [36mIndexing Pushed:[0m https://krisalaventis.in/krisala-aventis-tathawade-brochure-download [Status: 200]
🚀 [36mIndexing Pushed:[0m https://krisalaventis.in/krisala-aventis-tathawade-competitor-comparison [Status: 200]
🚀 [36mIndexing Pushed:[0m https://krisalaventis.in/krisala-aventis-tathawade-connectivity-it-hubs [Status: 200]
🚀 [36mIndexing Pushed:[0m https://krisalaventis.in/krisala-aventis-tathawade-construction-status [Status: 200]
🚀 [36mIndexing Pushed:[0m https://krisalaventis.in/krisala-aventis-tathawade-cost-sheet-estimator [Status: 200]
🚀 [36mIndexing Pushed:[0m https://krisalaventis.in/krisala-aventis-tathawade-customer-reviews-testimonials [Status: 200]
🚀 [36mIndexing Pushed:[0m https://krisalaventis.in/krisala-aventis-tathawade-developer-legacy [Status: 200]
🚀 [36mIndexing Pushed:[0m https://krisalaventis.in/krisala-aventis-tathawade-educational-hubs [Status: 200]
🚀 [36mIndexing Pushed:[0m https://krisalaventis.in/krisala-aventis-tathawade-flats-near-hinjewadi [Status: 200]
🚀 [36mIndexing Pushed:[0m https://krisalaventis.in/krisala-aventis-tathawade-growth-story-roi-2026 [Status: 200]
🚀 [36mIndexing Pushed:[0m https://krisalaventis.in/krisala-aventis-tathawade-hindi-janakari [Status: 200]
🚀 [36mIndexing Pushed:[0m https://krisalaventis.in/krisala-aventis-tathawade-home-loan-emi-calculator [Status: 200]
🚀 [36mIndexing Pushed:[0m https://krisalaventis.in/krisala-aventis-tathawade-investment-roi [Status: 200]
🚀 [36mIndexing Pushed:[0m https://krisalaventis.in/krisala-aventis-tathawade-lifestyle-it-park-proximity [Status: 200]
🚀 [36mIndexing Pushed:[0m https://krisalaventis.in/krisala-aventis-tathawade-local-area-guide-map [Status: 200]
🚀 [36mIndexing Pushed:[0m https://krisalaventis.in/krisala-aventis-tathawade-local-pune-review-hindi-marathi [Status: 200]
🚀 [36mIndexing Pushed:[0m https://krisalaventis.in/krisala-aventis-tathawade-luxury-specifications-aluform [Status: 200]
🚀 [36mIndexing Pushed:[0m https://krisalaventis.in/krisala-aventis-tathawade-marathi-mahiti [Status: 200]
🚀 [36mIndexing Pushed:[0m https://krisalaventis.in/krisala-aventis-tathawade-market-growth-calculator [Status: 200]
🚀 [36mIndexing Pushed:[0m https://krisalaventis.in/krisala-aventis-tathawade-near-aditya-birla-hospital [Status: 200]
🚀 [36mIndexing Pushed:[0m https://krisalaventis.in/krisala-aventis-tathawade-near-bhujbal-chowk [Status: 200]
🚀 [36mIndexing Pushed:[0m https://krisalaventis.in/krisala-aventis-tathawade-near-jspm-university [Status: 200]
🚀 [36mIndexing Pushed:[0m https://krisalaventis.in/krisala-aventis-tathawade-near-mumbai-pune-expressway [Status: 200]
🚀 [36mIndexing Pushed:[0m https://krisalaventis.in/krisala-aventis-tathawade-near-phoenix-mall-wakad [Status: 200]
🚀 [36mIndexing Pushed:[0m https://krisalaventis.in/krisala-aventis-tathawade-near-shakai-circle [Status: 200]
🚀 [36mIndexing Pushed:[0m https://krisalaventis.in/krisala-aventis-tathawade-nri-investment [Status: 200]
🚀 [36mIndexing Pushed:[0m https://krisalaventis.in/krisala-aventis-tathawade-possession-timeline-2026 [Status: 200]
🚀 [36mIndexing Pushed:[0m https://krisalaventis.in/krisala-aventis-tathawade-price-list [Status: 200]
🚀 [36mIndexing Pushed:[0m https://krisalaventis.in/krisala-aventis-tathawade-privacy-policy [Status: 200]
🚀 [36mIndexing Pushed:[0m https://krisalaventis.in/krisala-aventis-tathawade-public-transport [Status: 200]
🚀 [36mIndexing Pushed:[0m https://krisalaventis.in/krisala-aventis-tathawade-real-estate-glossary [Status: 200]
🚀 [36mIndexing Pushed:[0m https://krisalaventis.in/krisala-aventis-tathawade-site-visit-book [Status: 200]
🚀 [36mIndexing Pushed:[0m https://krisalaventis.in/krisala-aventis-tathawade-smart-study-homes [Status: 200]
🚀 [36mIndexing Pushed:[0m https://krisalaventis.in/krisala-aventis-tathawade-terms-conditions [Status: 200]
🚀 [36mIndexing Pushed:[0m https://krisalaventis.in/krisala-aventis-tathawade-vastu-compliance [Status: 200]
🚀 [36mIndexing Pushed:[0m https://krisalaventis.in/krisala-aventis-vs-godrej-tathawade [Status: 200]
🚀 [36mIndexing Pushed:[0m https://krisalaventis.in/krisala-aventis-vs-kolte-patil-tathawade [Status: 200]
🚀 [36mIndexing Pushed:[0m https://krisalaventis.in/pcmc-luxury-apartments-tathawade-2026 [Status: 200]
🚀 [36mIndexing Pushed:[0m https://krisalaventis.in/residential-flats-near-hinjewadi-phase-3 [Status: 200]
🚀 [36mIndexing Pushed:[0m https://krisalaventis.in/sitemap-html [Status: 200]
🚀 [36mIndexing Pushed:[0m https://krisalaventis.in/tathawade-real-estate-investment-guide [Status: 200]
🚀 [36mIndexing Pushed:[0m https://krisalaventis.in/tathawade-vs-baner-property-2026 [Status: 200]
🚀 [36mIndexing Pushed:[0m https://krisalaventis.in/wakad-vs-tathawade-property-analysis [Status: 200]
[32m✨ All high-intent URLs pushed to Google Search Console.[0m
>> Running IndexNow Protocol...
✅ IndexNow Protocol Execution SUCCESS.
🚀 Blasted 52 URLs to Bing, Yahoo, DuckDuckGo, and Yandex.
Sovereign Sweep Completed: Thu Jul 30 00:01:02 IST 2026
=====================================================
=====================================================
Sovereign Sweep Initiated: Sat Aug  1 00:00:01 IST 2026
>> Running Google Indexing Protocol...
[32m✅ Authorized with Google Indexing API[0m
🚀 [36mIndexing Pushed:[0m https://krisalaventis.in/best-3-bhk-under-1-5-crore-pune-2026 [Status: 200]
🚀 [36mIndexing Pushed:[0m https://krisalaventis.in/how-to-buy-flat-in-west-pune-guide-2026 [Status: 200]
🚀 [36mIndexing Pushed:[0m https://krisalaventis.in/ [Status: 200]
🚀 [36mIndexing Pushed:[0m https://krisalaventis.in/krisala-aventis-premium-living-review [Status: 200]
🚀 [36mIndexing Pushed:[0m https://krisalaventis.in/krisala-aventis-special-offer [Status: 200]
🚀 [36mIndexing Pushed:[0m https://krisalaventis.in/krisala-aventis-tathawade-2-bhk-flats [Status: 200]
🚀 [36mIndexing Pushed:[0m https://krisalaventis.in/krisala-aventis-tathawade-3-bhk-luxury-apartments [Status: 200]
🚀 [36mIndexing Pushed:[0m https://krisalaventis.in/krisala-aventis-tathawade-aluform-technology [Status: 200]
🚀 [36mIndexing Pushed:[0m https://krisalaventis.in/krisala-aventis-tathawade-amenities-lifestyle [Status: 200]
🚀 [36mIndexing Pushed:[0m https://krisalaventis.in/krisala-aventis-tathawade-brochure-download [Status: 200]
🚀 [36mIndexing Pushed:[0m https://krisalaventis.in/krisala-aventis-tathawade-competitor-comparison [Status: 200]
🚀 [36mIndexing Pushed:[0m https://krisalaventis.in/krisala-aventis-tathawade-connectivity-it-hubs [Status: 200]
🚀 [36mIndexing Pushed:[0m https://krisalaventis.in/krisala-aventis-tathawade-construction-status [Status: 200]
🚀 [36mIndexing Pushed:[0m https://krisalaventis.in/krisala-aventis-tathawade-cost-sheet-estimator [Status: 200]
🚀 [36mIndexing Pushed:[0m https://krisalaventis.in/krisala-aventis-tathawade-customer-reviews-testimonials [Status: 200]
🚀 [36mIndexing Pushed:[0m https://krisalaventis.in/krisala-aventis-tathawade-developer-legacy [Status: 200]
🚀 [36mIndexing Pushed:[0m https://krisalaventis.in/krisala-aventis-tathawade-educational-hubs [Status: 200]
🚀 [36mIndexing Pushed:[0m https://krisalaventis.in/krisala-aventis-tathawade-flats-near-hinjewadi [Status: 200]
🚀 [36mIndexing Pushed:[0m https://krisalaventis.in/krisala-aventis-tathawade-growth-story-roi-2026 [Status: 200]
🚀 [36mIndexing Pushed:[0m https://krisalaventis.in/krisala-aventis-tathawade-hindi-janakari [Status: 200]
🚀 [36mIndexing Pushed:[0m https://krisalaventis.in/krisala-aventis-tathawade-home-loan-emi-calculator [Status: 200]
🚀 [36mIndexing Pushed:[0m https://krisalaventis.in/krisala-aventis-tathawade-investment-roi [Status: 200]
🚀 [36mIndexing Pushed:[0m https://krisalaventis.in/krisala-aventis-tathawade-lifestyle-it-park-proximity [Status: 200]
🚀 [36mIndexing Pushed:[0m https://krisalaventis.in/krisala-aventis-tathawade-local-area-guide-map [Status: 200]
🚀 [36mIndexing Pushed:[0m https://krisalaventis.in/krisala-aventis-tathawade-local-pune-review-hindi-marathi [Status: 200]
🚀 [36mIndexing Pushed:[0m https://krisalaventis.in/krisala-aventis-tathawade-luxury-specifications-aluform [Status: 200]
🚀 [36mIndexing Pushed:[0m https://krisalaventis.in/krisala-aventis-tathawade-marathi-mahiti [Status: 200]
🚀 [36mIndexing Pushed:[0m https://krisalaventis.in/krisala-aventis-tathawade-market-growth-calculator [Status: 200]
🚀 [36mIndexing Pushed:[0m https://krisalaventis.in/krisala-aventis-tathawade-near-aditya-birla-hospital [Status: 200]
🚀 [36mIndexing Pushed:[0m https://krisalaventis.in/krisala-aventis-tathawade-near-bhujbal-chowk [Status: 200]
🚀 [36mIndexing Pushed:[0m https://krisalaventis.in/krisala-aventis-tathawade-near-jspm-university [Status: 200]
🚀 [36mIndexing Pushed:[0m https://krisalaventis.in/krisala-aventis-tathawade-near-mumbai-pune-expressway [Status: 200]
🚀 [36mIndexing Pushed:[0m https://krisalaventis.in/krisala-aventis-tathawade-near-phoenix-mall-wakad [Status: 200]
🚀 [36mIndexing Pushed:[0m https://krisalaventis.in/krisala-aventis-tathawade-near-shakai-circle [Status: 200]
🚀 [36mIndexing Pushed:[0m https://krisalaventis.in/krisala-aventis-tathawade-nri-investment [Status: 200]
🚀 [36mIndexing Pushed:[0m https://krisalaventis.in/krisala-aventis-tathawade-possession-timeline-2026 [Status: 200]
🚀 [36mIndexing Pushed:[0m https://krisalaventis.in/krisala-aventis-tathawade-price-list [Status: 200]
🚀 [36mIndexing Pushed:[0m https://krisalaventis.in/krisala-aventis-tathawade-privacy-policy [Status: 200]
🚀 [36mIndexing Pushed:[0m https://krisalaventis.in/krisala-aventis-tathawade-public-transport [Status: 200]
🚀 [36mIndexing Pushed:[0m https://krisalaventis.in/krisala-aventis-tathawade-real-estate-glossary [Status: 200]
🚀 [36mIndexing Pushed:[0m https://krisalaventis.in/krisala-aventis-tathawade-site-visit-book [Status: 200]
🚀 [36mIndexing Pushed:[0m https://krisalaventis.in/krisala-aventis-tathawade-smart-study-homes [Status: 200]
🚀 [36mIndexing Pushed:[0m https://krisalaventis.in/krisala-aventis-tathawade-terms-conditions [Status: 200]
🚀 [36mIndexing Pushed:[0m https://krisalaventis.in/krisala-aventis-tathawade-vastu-compliance [Status: 200]
🚀 [36mIndexing Pushed:[0m https://krisalaventis.in/krisala-aventis-vs-godrej-tathawade [Status: 200]
🚀 [36mIndexing Pushed:[0m https://krisalaventis.in/krisala-aventis-vs-kolte-patil-tathawade [Status: 200]
🚀 [36mIndexing Pushed:[0m https://krisalaventis.in/pcmc-luxury-apartments-tathawade-2026 [Status: 200]
🚀 [36mIndexing Pushed:[0m https://krisalaventis.in/residential-flats-near-hinjewadi-phase-3 [Status: 200]
🚀 [36mIndexing Pushed:[0m https://krisalaventis.in/sitemap-html [Status: 200]
🚀 [36mIndexing Pushed:[0m https://krisalaventis.in/tathawade-real-estate-investment-guide [Status: 200]
🚀 [36mIndexing Pushed:[0m https://krisalaventis.in/tathawade-vs-baner-property-2026 [Status: 200]
🚀 [36mIndexing Pushed:[0m https://krisalaventis.in/wakad-vs-tathawade-property-analysis [Status: 200]
[32m✨ All high-intent URLs pushed to Google Search Console.[0m
>> Running IndexNow Protocol...
✅ IndexNow Protocol Execution SUCCESS.
🚀 Blasted 52 URLs to Bing, Yahoo, DuckDuckGo, and Yandex.
Sovereign Sweep Completed: Sat Aug  1 00:00:58 IST 2026
=====================================================
=====================================================
Sovereign Sweep Initiated: Sun Aug  2 00:00:01 IST 2026
>> Running Google Indexing Protocol...
[32m✅ Authorized with Google Indexing API[0m
🚀 [36mIndexing Pushed:[0m https://krisalaventis.in/best-3-bhk-under-1-5-crore-pune-2026 [Status: 200]
🚀 [36mIndexing Pushed:[0m https://krisalaventis.in/how-to-buy-flat-in-west-pune-guide-2026 [Status: 200]
🚀 [36mIndexing Pushed:[0m https://krisalaventis.in/ [Status: 200]
🚀 [36mIndexing Pushed:[0m https://krisalaventis.in/krisala-aventis-premium-living-review [Status: 200]
🚀 [36mIndexing Pushed:[0m https://krisalaventis.in/krisala-aventis-special-offer [Status: 200]
🚀 [36mIndexing Pushed:[0m https://krisalaventis.in/krisala-aventis-tathawade-2-bhk-flats [Status: 200]
🚀 [36mIndexing Pushed:[0m https://krisalaventis.in/krisala-aventis-tathawade-3-bhk-luxury-apartments [Status: 200]
🚀 [36mIndexing Pushed:[0m https://krisalaventis.in/krisala-aventis-tathawade-aluform-technology [Status: 200]
🚀 [36mIndexing Pushed:[0m https://krisalaventis.in/krisala-aventis-tathawade-amenities-lifestyle [Status: 200]
🚀 [36mIndexing Pushed:[0m https://krisalaventis.in/krisala-aventis-tathawade-brochure-download [Status: 200]
🚀 [36mIndexing Pushed:[0m https://krisalaventis.in/krisala-aventis-tathawade-competitor-comparison [Status: 200]
🚀 [36mIndexing Pushed:[0m https://krisalaventis.in/krisala-aventis-tathawade-connectivity-it-hubs [Status: 200]
🚀 [36mIndexing Pushed:[0m https://krisalaventis.in/krisala-aventis-tathawade-construction-status [Status: 200]
🚀 [36mIndexing Pushed:[0m https://krisalaventis.in/krisala-aventis-tathawade-cost-sheet-estimator [Status: 200]
🚀 [36mIndexing Pushed:[0m https://krisalaventis.in/krisala-aventis-tathawade-customer-reviews-testimonials [Status: 200]
🚀 [36mIndexing Pushed:[0m https://krisalaventis.in/krisala-aventis-tathawade-developer-legacy [Status: 200]
🚀 [36mIndexing Pushed:[0m https://krisalaventis.in/krisala-aventis-tathawade-educational-hubs [Status: 200]
🚀 [36mIndexing Pushed:[0m https://krisalaventis.in/krisala-aventis-tathawade-flats-near-hinjewadi [Status: 200]
🚀 [36mIndexing Pushed:[0m https://krisalaventis.in/krisala-aventis-tathawade-growth-story-roi-2026 [Status: 200]
🚀 [36mIndexing Pushed:[0m https://krisalaventis.in/krisala-aventis-tathawade-hindi-janakari [Status: 200]
🚀 [36mIndexing Pushed:[0m https://krisalaventis.in/krisala-aventis-tathawade-home-loan-emi-calculator [Status: 200]
🚀 [36mIndexing Pushed:[0m https://krisalaventis.in/krisala-aventis-tathawade-investment-roi [Status: 200]
🚀 [36mIndexing Pushed:[0m https://krisalaventis.in/krisala-aventis-tathawade-lifestyle-it-park-proximity [Status: 200]
🚀 [36mIndexing Pushed:[0m https://krisalaventis.in/krisala-aventis-tathawade-local-area-guide-map [Status: 200]
🚀 [36mIndexing Pushed:[0m https://krisalaventis.in/krisala-aventis-tathawade-local-pune-review-hindi-marathi [Status: 200]
🚀 [36mIndexing Pushed:[0m https://krisalaventis.in/krisala-aventis-tathawade-luxury-specifications-aluform [Status: 200]
🚀 [36mIndexing Pushed:[0m https://krisalaventis.in/krisala-aventis-tathawade-marathi-mahiti [Status: 200]
🚀 [36mIndexing Pushed:[0m https://krisalaventis.in/krisala-aventis-tathawade-market-growth-calculator [Status: 200]
🚀 [36mIndexing Pushed:[0m https://krisalaventis.in/krisala-aventis-tathawade-near-aditya-birla-hospital [Status: 200]
🚀 [36mIndexing Pushed:[0m https://krisalaventis.in/krisala-aventis-tathawade-near-bhujbal-chowk [Status: 200]
🚀 [36mIndexing Pushed:[0m https://krisalaventis.in/krisala-aventis-tathawade-near-jspm-university [Status: 200]
🚀 [36mIndexing Pushed:[0m https://krisalaventis.in/krisala-aventis-tathawade-near-mumbai-pune-expressway [Status: 200]
🚀 [36mIndexing Pushed:[0m https://krisalaventis.in/krisala-aventis-tathawade-near-phoenix-mall-wakad [Status: 200]
🚀 [36mIndexing Pushed:[0m https://krisalaventis.in/krisala-aventis-tathawade-near-shakai-circle [Status: 200]
🚀 [36mIndexing Pushed:[0m https://krisalaventis.in/krisala-aventis-tathawade-nri-investment [Status: 200]
🚀 [36mIndexing Pushed:[0m https://krisalaventis.in/krisala-aventis-tathawade-possession-timeline-2026 [Status: 200]
🚀 [36mIndexing Pushed:[0m https://krisalaventis.in/krisala-aventis-tathawade-price-list [Status: 200]
🚀 [36mIndexing Pushed:[0m https://krisalaventis.in/krisala-aventis-tathawade-privacy-policy [Status: 200]
🚀 [36mIndexing Pushed:[0m https://krisalaventis.in/krisala-aventis-tathawade-public-transport [Status: 200]
🚀 [36mIndexing Pushed:[0m https://krisalaventis.in/krisala-aventis-tathawade-real-estate-glossary [Status: 200]
🚀 [36mIndexing Pushed:[0m https://krisalaventis.in/krisala-aventis-tathawade-site-visit-book [Status: 200]
🚀 [36mIndexing Pushed:[0m https://krisalaventis.in/krisala-aventis-tathawade-smart-study-homes [Status: 200]
🚀 [36mIndexing Pushed:[0m https://krisalaventis.in/krisala-aventis-tathawade-terms-conditions [Status: 200]
🚀 [36mIndexing Pushed:[0m https://krisalaventis.in/krisala-aventis-tathawade-vastu-compliance [Status: 200]
🚀 [36mIndexing Pushed:[0m https://krisalaventis.in/krisala-aventis-vs-godrej-tathawade [Status: 200]
🚀 [36mIndexing Pushed:[0m https://krisalaventis.in/krisala-aventis-vs-kolte-patil-tathawade [Status: 200]
🚀 [36mIndexing Pushed:[0m https://krisalaventis.in/pcmc-luxury-apartments-tathawade-2026 [Status: 200]
🚀 [36mIndexing Pushed:[0m https://krisalaventis.in/residential-flats-near-hinjewadi-phase-3 [Status: 200]
🚀 [36mIndexing Pushed:[0m https://krisalaventis.in/sitemap-html [Status: 200]
🚀 [36mIndexing Pushed:[0m https://krisalaventis.in/tathawade-real-estate-investment-guide [Status: 200]
🚀 [36mIndexing Pushed:[0m https://krisalaventis.in/tathawade-vs-baner-property-2026 [Status: 200]
🚀 [36mIndexing Pushed:[0m https://krisalaventis.in/wakad-vs-tathawade-property-analysis [Status: 200]
[32m✨ All high-intent URLs pushed to Google Search Console.[0m
>> Running IndexNow Protocol...
✅ IndexNow Protocol Execution SUCCESS.
🚀 Blasted 52 URLs to Bing, Yahoo, DuckDuckGo, and Yandex.
Sovereign Sweep Completed: Sun Aug  2 00:00:54 IST 2026
=====================================================
=====================================================
Sovereign Sweep Initiated: Mon Aug  3 00:00:00 IST 2026
>> Running Google Indexing Protocol...
[32m✅ Authorized with Google Indexing API[0m
🚀 [36mIndexing Pushed:[0m https://krisalaventis.in/best-3-bhk-under-1-5-crore-pune-2026 [Status: 200]
🚀 [36mIndexing Pushed:[0m https://krisalaventis.in/how-to-buy-flat-in-west-pune-guide-2026 [Status: 200]
🚀 [36mIndexing Pushed:[0m https://krisalaventis.in/ [Status: 200]
🚀 [36mIndexing Pushed:[0m https://krisalaventis.in/krisala-aventis-premium-living-review [Status: 200]
🚀 [36mIndexing Pushed:[0m https://krisalaventis.in/krisala-aventis-special-offer [Status: 200]
🚀 [36mIndexing Pushed:[0m https://krisalaventis.in/krisala-aventis-tathawade-2-bhk-flats [Status: 200]
🚀 [36mIndexing Pushed:[0m https://krisalaventis.in/krisala-aventis-tathawade-3-bhk-luxury-apartments [Status: 200]
🚀 [36mIndexing Pushed:[0m https://krisalaventis.in/krisala-aventis-tathawade-aluform-technology [Status: 200]
🚀 [36mIndexing Pushed:[0m https://krisalaventis.in/krisala-aventis-tathawade-amenities-lifestyle [Status: 200]
🚀 [36mIndexing Pushed:[0m https://krisalaventis.in/krisala-aventis-tathawade-brochure-download [Status: 200]
🚀 [36mIndexing Pushed:[0m https://krisalaventis.in/krisala-aventis-tathawade-competitor-comparison [Status: 200]
🚀 [36mIndexing Pushed:[0m https://krisalaventis.in/krisala-aventis-tathawade-connectivity-it-hubs [Status: 200]
🚀 [36mIndexing Pushed:[0m https://krisalaventis.in/krisala-aventis-tathawade-construction-status [Status: 200]
🚀 [36mIndexing Pushed:[0m https://krisalaventis.in/krisala-aventis-tathawade-cost-sheet-estimator [Status: 200]
🚀 [36mIndexing Pushed:[0m https://krisalaventis.in/krisala-aventis-tathawade-customer-reviews-testimonials [Status: 200]
🚀 [36mIndexing Pushed:[0m https://krisalaventis.in/krisala-aventis-tathawade-developer-legacy [Status: 200]
🚀 [36mIndexing Pushed:[0m https://krisalaventis.in/krisala-aventis-tathawade-educational-hubs [Status: 200]
🚀 [36mIndexing Pushed:[0m https://krisalaventis.in/krisala-aventis-tathawade-flats-near-hinjewadi [Status: 200]
🚀 [36mIndexing Pushed:[0m https://krisalaventis.in/krisala-aventis-tathawade-growth-story-roi-2026 [Status: 200]
🚀 [36mIndexing Pushed:[0m https://krisalaventis.in/krisala-aventis-tathawade-hindi-janakari [Status: 200]
🚀 [36mIndexing Pushed:[0m https://krisalaventis.in/krisala-aventis-tathawade-home-loan-emi-calculator [Status: 200]
🚀 [36mIndexing Pushed:[0m https://krisalaventis.in/krisala-aventis-tathawade-investment-roi [Status: 200]
🚀 [36mIndexing Pushed:[0m https://krisalaventis.in/krisala-aventis-tathawade-lifestyle-it-park-proximity [Status: 200]
🚀 [36mIndexing Pushed:[0m https://krisalaventis.in/krisala-aventis-tathawade-local-area-guide-map [Status: 200]
🚀 [36mIndexing Pushed:[0m https://krisalaventis.in/krisala-aventis-tathawade-local-pune-review-hindi-marathi [Status: 200]
🚀 [36mIndexing Pushed:[0m https://krisalaventis.in/krisala-aventis-tathawade-luxury-specifications-aluform [Status: 200]
🚀 [36mIndexing Pushed:[0m https://krisalaventis.in/krisala-aventis-tathawade-marathi-mahiti [Status: 200]
🚀 [36mIndexing Pushed:[0m https://krisalaventis.in/krisala-aventis-tathawade-market-growth-calculator [Status: 200]
🚀 [36mIndexing Pushed:[0m https://krisalaventis.in/krisala-aventis-tathawade-near-aditya-birla-hospital [Status: 200]
🚀 [36mIndexing Pushed:[0m https://krisalaventis.in/krisala-aventis-tathawade-near-bhujbal-chowk [Status: 200]
🚀 [36mIndexing Pushed:[0m https://krisalaventis.in/krisala-aventis-tathawade-near-jspm-university [Status: 200]
🚀 [36mIndexing Pushed:[0m https://krisalaventis.in/krisala-aventis-tathawade-near-mumbai-pune-expressway [Status: 200]
🚀 [36mIndexing Pushed:[0m https://krisalaventis.in/krisala-aventis-tathawade-near-phoenix-mall-wakad [Status: 200]
🚀 [36mIndexing Pushed:[0m https://krisalaventis.in/krisala-aventis-tathawade-near-shakai-circle [Status: 200]
🚀 [36mIndexing Pushed:[0m https://krisalaventis.in/krisala-aventis-tathawade-nri-investment [Status: 200]
🚀 [36mIndexing Pushed:[0m https://krisalaventis.in/krisala-aventis-tathawade-possession-timeline-2026 [Status: 200]
🚀 [36mIndexing Pushed:[0m https://krisalaventis.in/krisala-aventis-tathawade-price-list [Status: 200]
🚀 [36mIndexing Pushed:[0m https://krisalaventis.in/krisala-aventis-tathawade-privacy-policy [Status: 200]
🚀 [36mIndexing Pushed:[0m https://krisalaventis.in/krisala-aventis-tathawade-public-transport [Status: 200]
🚀 [36mIndexing Pushed:[0m https://krisalaventis.in/krisala-aventis-tathawade-real-estate-glossary [Status: 200]
🚀 [36mIndexing Pushed:[0m https://krisalaventis.in/krisala-aventis-tathawade-site-visit-book [Status: 200]
🚀 [36mIndexing Pushed:[0m https://krisalaventis.in/krisala-aventis-tathawade-smart-study-homes [Status: 200]
🚀 [36mIndexing Pushed:[0m https://krisalaventis.in/krisala-aventis-tathawade-terms-conditions [Status: 200]
🚀 [36mIndexing Pushed:[0m https://krisalaventis.in/krisala-aventis-tathawade-vastu-compliance [Status: 200]
🚀 [36mIndexing Pushed:[0m https://krisalaventis.in/krisala-aventis-vs-godrej-tathawade [Status: 200]
🚀 [36mIndexing Pushed:[0m https://krisalaventis.in/krisala-aventis-vs-kolte-patil-tathawade [Status: 200]
🚀 [36mIndexing Pushed:[0m https://krisalaventis.in/pcmc-luxury-apartments-tathawade-2026 [Status: 200]
🚀 [36mIndexing Pushed:[0m https://krisalaventis.in/residential-flats-near-hinjewadi-phase-3 [Status: 200]
🚀 [36mIndexing Pushed:[0m https://krisalaventis.in/sitemap-html [Status: 200]
🚀 [36mIndexing Pushed:[0m https://krisalaventis.in/tathawade-real-estate-investment-guide [Status: 200]
🚀 [36mIndexing Pushed:[0m https://krisalaventis.in/tathawade-vs-baner-property-2026 [Status: 200]
🚀 [36mIndexing Pushed:[0m https://krisalaventis.in/wakad-vs-tathawade-property-analysis [Status: 200]
[32m✨ All high-intent URLs pushed to Google Search Console.[0m
>> Running IndexNow Protocol...
✅ IndexNow Protocol Execution SUCCESS.
🚀 Blasted 52 URLs to Bing, Yahoo, DuckDuckGo, and Yandex.
Sovereign Sweep Completed: Mon Aug  3 00:00:51 IST 2026
=====================================================
=====================================================
Sovereign Sweep Initiated: Tue Aug  4 00:00:01 IST 2026
>> Running Google Indexing Protocol...
[32m✅ Authorized with Google Indexing API[0m
🚀 [36mIndexing Pushed:[0m https://krisalaventis.in/best-3-bhk-under-1-5-crore-pune-2026 [Status: 200]
🚀 [36mIndexing Pushed:[0m https://krisalaventis.in/how-to-buy-flat-in-west-pune-guide-2026 [Status: 200]
🚀 [36mIndexing Pushed:[0m https://krisalaventis.in/ [Status: 200]
🚀 [36mIndexing Pushed:[0m https://krisalaventis.in/krisala-aventis-premium-living-review [Status: 200]
🚀 [36mIndexing Pushed:[0m https://krisalaventis.in/krisala-aventis-special-offer [Status: 200]
🚀 [36mIndexing Pushed:[0m https://krisalaventis.in/krisala-aventis-tathawade-2-bhk-flats [Status: 200]
🚀 [36mIndexing Pushed:[0m https://krisalaventis.in/krisala-aventis-tathawade-3-bhk-luxury-apartments [Status: 200]
🚀 [36mIndexing Pushed:[0m https://krisalaventis.in/krisala-aventis-tathawade-aluform-technology [Status: 200]
🚀 [36mIndexing Pushed:[0m https://krisalaventis.in/krisala-aventis-tathawade-amenities-lifestyle [Status: 200]
🚀 [36mIndexing Pushed:[0m https://krisalaventis.in/krisala-aventis-tathawade-brochure-download [Status: 200]
🚀 [36mIndexing Pushed:[0m https://krisalaventis.in/krisala-aventis-tathawade-competitor-comparison [Status: 200]
🚀 [36mIndexing Pushed:[0m https://krisalaventis.in/krisala-aventis-tathawade-connectivity-it-hubs [Status: 200]
🚀 [36mIndexing Pushed:[0m https://krisalaventis.in/krisala-aventis-tathawade-construction-status [Status: 200]
🚀 [36mIndexing Pushed:[0m https://krisalaventis.in/krisala-aventis-tathawade-cost-sheet-estimator [Status: 200]
🚀 [36mIndexing Pushed:[0m https://krisalaventis.in/krisala-aventis-tathawade-customer-reviews-testimonials [Status: 200]
🚀 [36mIndexing Pushed:[0m https://krisalaventis.in/krisala-aventis-tathawade-developer-legacy [Status: 200]
🚀 [36mIndexing Pushed:[0m https://krisalaventis.in/krisala-aventis-tathawade-educational-hubs [Status: 200]
🚀 [36mIndexing Pushed:[0m https://krisalaventis.in/krisala-aventis-tathawade-flats-near-hinjewadi [Status: 200]
🚀 [36mIndexing Pushed:[0m https://krisalaventis.in/krisala-aventis-tathawade-growth-story-roi-2026 [Status: 200]
🚀 [36mIndexing Pushed:[0m https://krisalaventis.in/krisala-aventis-tathawade-hindi-janakari [Status: 200]
🚀 [36mIndexing Pushed:[0m https://krisalaventis.in/krisala-aventis-tathawade-home-loan-emi-calculator [Status: 200]
🚀 [36mIndexing Pushed:[0m https://krisalaventis.in/krisala-aventis-tathawade-investment-roi [Status: 200]
🚀 [36mIndexing Pushed:[0m https://krisalaventis.in/krisala-aventis-tathawade-lifestyle-it-park-proximity [Status: 200]
🚀 [36mIndexing Pushed:[0m https://krisalaventis.in/krisala-aventis-tathawade-local-area-guide-map [Status: 200]
🚀 [36mIndexing Pushed:[0m https://krisalaventis.in/krisala-aventis-tathawade-local-pune-review-hindi-marathi [Status: 200]
🚀 [36mIndexing Pushed:[0m https://krisalaventis.in/krisala-aventis-tathawade-luxury-specifications-aluform [Status: 200]
🚀 [36mIndexing Pushed:[0m https://krisalaventis.in/krisala-aventis-tathawade-marathi-mahiti [Status: 200]
🚀 [36mIndexing Pushed:[0m https://krisalaventis.in/krisala-aventis-tathawade-market-growth-calculator [Status: 200]
🚀 [36mIndexing Pushed:[0m https://krisalaventis.in/krisala-aventis-tathawade-near-aditya-birla-hospital [Status: 200]
🚀 [36mIndexing Pushed:[0m https://krisalaventis.in/krisala-aventis-tathawade-near-bhujbal-chowk [Status: 200]
🚀 [36mIndexing Pushed:[0m https://krisalaventis.in/krisala-aventis-tathawade-near-jspm-university [Status: 200]
🚀 [36mIndexing Pushed:[0m https://krisalaventis.in/krisala-aventis-tathawade-near-mumbai-pune-expressway [Status: 200]
🚀 [36mIndexing Pushed:[0m https://krisalaventis.in/krisala-aventis-tathawade-near-phoenix-mall-wakad [Status: 200]
🚀 [36mIndexing Pushed:[0m https://krisalaventis.in/krisala-aventis-tathawade-near-shakai-circle [Status: 200]
🚀 [36mIndexing Pushed:[0m https://krisalaventis.in/krisala-aventis-tathawade-nri-investment [Status: 200]
🚀 [36mIndexing Pushed:[0m https://krisalaventis.in/krisala-aventis-tathawade-possession-timeline-2026 [Status: 200]
🚀 [36mIndexing Pushed:[0m https://krisalaventis.in/krisala-aventis-tathawade-price-list [Status: 200]
🚀 [36mIndexing Pushed:[0m https://krisalaventis.in/krisala-aventis-tathawade-privacy-policy [Status: 200]
🚀 [36mIndexing Pushed:[0m https://krisalaventis.in/krisala-aventis-tathawade-public-transport [Status: 200]
🚀 [36mIndexing Pushed:[0m https://krisalaventis.in/krisala-aventis-tathawade-real-estate-glossary [Status: 200]
🚀 [36mIndexing Pushed:[0m https://krisalaventis.in/krisala-aventis-tathawade-site-visit-book [Status: 200]
🚀 [36mIndexing Pushed:[0m https://krisalaventis.in/krisala-aventis-tathawade-smart-study-homes [Status: 200]
🚀 [36mIndexing Pushed:[0m https://krisalaventis.in/krisala-aventis-tathawade-terms-conditions [Status: 200]
🚀 [36mIndexing Pushed:[0m https://krisalaventis.in/krisala-aventis-tathawade-vastu-compliance [Status: 200]
🚀 [36mIndexing Pushed:[0m https://krisalaventis.in/krisala-aventis-vs-godrej-tathawade [Status: 200]
🚀 [36mIndexing Pushed:[0m https://krisalaventis.in/krisala-aventis-vs-kolte-patil-tathawade [Status: 200]
🚀 [36mIndexing Pushed:[0m https://krisalaventis.in/pcmc-luxury-apartments-tathawade-2026 [Status: 200]
🚀 [36mIndexing Pushed:[0m https://krisalaventis.in/residential-flats-near-hinjewadi-phase-3 [Status: 200]
🚀 [36mIndexing Pushed:[0m https://krisalaventis.in/sitemap-html [Status: 200]
🚀 [36mIndexing Pushed:[0m https://krisalaventis.in/tathawade-real-estate-investment-guide [Status: 200]
🚀 [36mIndexing Pushed:[0m https://krisalaventis.in/tathawade-vs-baner-property-2026 [Status: 200]
🚀 [36mIndexing Pushed:[0m https://krisalaventis.in/wakad-vs-tathawade-property-analysis [Status: 200]
[32m✨ All high-intent URLs pushed to Google Search Console.[0m
>> Running IndexNow Protocol...
✅ IndexNow Protocol Execution SUCCESS.
🚀 Blasted 52 URLs to Bing, Yahoo, DuckDuckGo, and Yandex.
Sovereign Sweep Completed: Tue Aug  4 00:00:53 IST 2026
=====================================================
=====================================================
Sovereign Sweep Initiated: Wed Aug  5 00:00:01 IST 2026
>> Running Google Indexing Protocol...
[32m✅ Authorized with Google Indexing API[0m
🚀 [36mIndexing Pushed:[0m https://krisalaventis.in/best-3-bhk-under-1-5-crore-pune-2026 [Status: 200]
🚀 [36mIndexing Pushed:[0m https://krisalaventis.in/how-to-buy-flat-in-west-pune-guide-2026 [Status: 200]
🚀 [36mIndexing Pushed:[0m https://krisalaventis.in/ [Status: 200]
🚀 [36mIndexing Pushed:[0m https://krisalaventis.in/krisala-aventis-premium-living-review [Status: 200]
🚀 [36mIndexing Pushed:[0m https://krisalaventis.in/krisala-aventis-special-offer [Status: 200]
🚀 [36mIndexing Pushed:[0m https://krisalaventis.in/krisala-aventis-tathawade-2-bhk-flats [Status: 200]
🚀 [36mIndexing Pushed:[0m https://krisalaventis.in/krisala-aventis-tathawade-3-bhk-luxury-apartments [Status: 200]
🚀 [36mIndexing Pushed:[0m https://krisalaventis.in/krisala-aventis-tathawade-aluform-technology [Status: 200]
🚀 [36mIndexing Pushed:[0m https://krisalaventis.in/krisala-aventis-tathawade-amenities-lifestyle [Status: 200]
🚀 [36mIndexing Pushed:[0m https://krisalaventis.in/krisala-aventis-tathawade-brochure-download [Status: 200]
🚀 [36mIndexing Pushed:[0m https://krisalaventis.in/krisala-aventis-tathawade-competitor-comparison [Status: 200]
🚀 [36mIndexing Pushed:[0m https://krisalaventis.in/krisala-aventis-tathawade-connectivity-it-hubs [Status: 200]
🚀 [36mIndexing Pushed:[0m https://krisalaventis.in/krisala-aventis-tathawade-construction-status [Status: 200]
🚀 [36mIndexing Pushed:[0m https://krisalaventis.in/krisala-aventis-tathawade-cost-sheet-estimator [Status: 200]
🚀 [36mIndexing Pushed:[0m https://krisalaventis.in/krisala-aventis-tathawade-customer-reviews-testimonials [Status: 200]
🚀 [36mIndexing Pushed:[0m https://krisalaventis.in/krisala-aventis-tathawade-developer-legacy [Status: 200]
🚀 [36mIndexing Pushed:[0m https://krisalaventis.in/krisala-aventis-tathawade-educational-hubs [Status: 200]
🚀 [36mIndexing Pushed:[0m https://krisalaventis.in/krisala-aventis-tathawade-flats-near-hinjewadi [Status: 200]
🚀 [36mIndexing Pushed:[0m https://krisalaventis.in/krisala-aventis-tathawade-growth-story-roi-2026 [Status: 200]
🚀 [36mIndexing Pushed:[0m https://krisalaventis.in/krisala-aventis-tathawade-hindi-janakari [Status: 200]
🚀 [36mIndexing Pushed:[0m https://krisalaventis.in/krisala-aventis-tathawade-home-loan-emi-calculator [Status: 200]
🚀 [36mIndexing Pushed:[0m https://krisalaventis.in/krisala-aventis-tathawade-investment-roi [Status: 200]
🚀 [36mIndexing Pushed:[0m https://krisalaventis.in/krisala-aventis-tathawade-lifestyle-it-park-proximity [Status: 200]
🚀 [36mIndexing Pushed:[0m https://krisalaventis.in/krisala-aventis-tathawade-local-area-guide-map [Status: 200]
🚀 [36mIndexing Pushed:[0m https://krisalaventis.in/krisala-aventis-tathawade-local-pune-review-hindi-marathi [Status: 200]
🚀 [36mIndexing Pushed:[0m https://krisalaventis.in/krisala-aventis-tathawade-luxury-specifications-aluform [Status: 200]
🚀 [36mIndexing Pushed:[0m https://krisalaventis.in/krisala-aventis-tathawade-marathi-mahiti [Status: 200]
🚀 [36mIndexing Pushed:[0m https://krisalaventis.in/krisala-aventis-tathawade-market-growth-calculator [Status: 200]
🚀 [36mIndexing Pushed:[0m https://krisalaventis.in/krisala-aventis-tathawade-near-aditya-birla-hospital [Status: 200]
🚀 [36mIndexing Pushed:[0m https://krisalaventis.in/krisala-aventis-tathawade-near-bhujbal-chowk [Status: 200]
🚀 [36mIndexing Pushed:[0m https://krisalaventis.in/krisala-aventis-tathawade-near-jspm-university [Status: 200]
🚀 [36mIndexing Pushed:[0m https://krisalaventis.in/krisala-aventis-tathawade-near-mumbai-pune-expressway [Status: 200]
🚀 [36mIndexing Pushed:[0m https://krisalaventis.in/krisala-aventis-tathawade-near-phoenix-mall-wakad [Status: 200]
🚀 [36mIndexing Pushed:[0m https://krisalaventis.in/krisala-aventis-tathawade-near-shakai-circle [Status: 200]
[31m⚠️ Fatal API Error:[0m <!DOCTYPE html>
<html lang=en>
  <meta charset=utf-8>
  <meta name=viewport content="initial-scale=1, minimum-scale=1, width=device-width">
  <title>Error 502 (Server Error)!!1</title>
  <style>
    *{margin:0;padding:0}html,code{font:15px/22px arial,sans-serif}html{background:#fff;color:#222;padding:15px}body{margin:7% auto 0;max-width:390px;min-height:180px;padding:30px 0 15px}* > body{background:url(//www.google.com/images/errors/robot.png) 100% 5px no-repeat;padding-right:205px}p{margin:11px 0 22px;overflow:hidden}ins{color:#777;text-decoration:none}a img{border:0}@media screen and (max-width:772px){body{background:none;margin-top:0;max-width:none;padding-right:0}}#logo{background:url(//www.google.com/images/branding/googlelogo/1x/googlelogo_color_150x54dp.png) no-repeat;margin-left:-5px}@media only screen and (min-resolution:192dpi){#logo{background:url(//www.google.com/images/branding/googlelogo/2x/googlelogo_color_150x54dp.png) no-repeat 0% 0%/100% 100%;-moz-border-image:url(//www.google.com/images/branding/googlelogo/2x/googlelogo_color_150x54dp.png) 0}}@media only screen and (-webkit-min-device-pixel-ratio:2){#logo{background:url(//www.google.com/images/branding/googlelogo/2x/googlelogo_color_150x54dp.png) no-repeat;-webkit-background-size:100% 100%}}#logo{display:inline-block;height:54px;width:150px}
  </style>
  <a href=//www.google.com/><span id=logo aria-label=Google></span></a>
  <p><b>502.</b> <ins>That’s an error.</ins>
  <p>The server encountered a temporary error and could not complete your request.<p>Please try again in 30 seconds.  <ins>That’s all we know.</ins>

>> Running IndexNow Protocol...
✅ IndexNow Protocol Execution SUCCESS.
🚀 Blasted 52 URLs to Bing, Yahoo, DuckDuckGo, and Yandex.
Sovereign Sweep Completed: Wed Aug  5 00:00:38 IST 2026
=====================================================
=====================================================
Sovereign Sweep Initiated: Sat Aug  8 00:00:01 IST 2026
>> Running Google Indexing Protocol...
[32m✅ Authorized with Google Indexing API[0m
🚀 [36mIndexing Pushed:[0m https://krisalaventis.in/best-3-bhk-under-1-5-crore-pune-2026 [Status: 200]
🚀 [36mIndexing Pushed:[0m https://krisalaventis.in/how-to-buy-flat-in-west-pune-guide-2026 [Status: 200]
🚀 [36mIndexing Pushed:[0m https://krisalaventis.in/ [Status: 200]
🚀 [36mIndexing Pushed:[0m https://krisalaventis.in/krisala-aventis-premium-living-review [Status: 200]
🚀 [36mIndexing Pushed:[0m https://krisalaventis.in/krisala-aventis-special-offer [Status: 200]
🚀 [36mIndexing Pushed:[0m https://krisalaventis.in/krisala-aventis-tathawade-2-bhk-flats [Status: 200]
🚀 [36mIndexing Pushed:[0m https://krisalaventis.in/krisala-aventis-tathawade-3-bhk-luxury-apartments [Status: 200]
🚀 [36mIndexing Pushed:[0m https://krisalaventis.in/krisala-aventis-tathawade-aluform-technology [Status: 200]
🚀 [36mIndexing Pushed:[0m https://krisalaventis.in/krisala-aventis-tathawade-amenities-lifestyle [Status: 200]
🚀 [36mIndexing Pushed:[0m https://krisalaventis.in/krisala-aventis-tathawade-brochure-download [Status: 200]
🚀 [36mIndexing Pushed:[0m https://krisalaventis.in/krisala-aventis-tathawade-competitor-comparison [Status: 200]
🚀 [36mIndexing Pushed:[0m https://krisalaventis.in/krisala-aventis-tathawade-connectivity-it-hubs [Status: 200]
🚀 [36mIndexing Pushed:[0m https://krisalaventis.in/krisala-aventis-tathawade-construction-status [Status: 200]
🚀 [36mIndexing Pushed:[0m https://krisalaventis.in/krisala-aventis-tathawade-cost-sheet-estimator [Status: 200]
🚀 [36mIndexing Pushed:[0m https://krisalaventis.in/krisala-aventis-tathawade-customer-reviews-testimonials [Status: 200]
🚀 [36mIndexing Pushed:[0m https://krisalaventis.in/krisala-aventis-tathawade-developer-legacy [Status: 200]
🚀 [36mIndexing Pushed:[0m https://krisalaventis.in/krisala-aventis-tathawade-educational-hubs [Status: 200]
🚀 [36mIndexing Pushed:[0m https://krisalaventis.in/krisala-aventis-tathawade-flats-near-hinjewadi [Status: 200]
🚀 [36mIndexing Pushed:[0m https://krisalaventis.in/krisala-aventis-tathawade-growth-story-roi-2026 [Status: 200]
🚀 [36mIndexing Pushed:[0m https://krisalaventis.in/krisala-aventis-tathawade-hindi-janakari [Status: 200]
🚀 [36mIndexing Pushed:[0m https://krisalaventis.in/krisala-aventis-tathawade-home-loan-emi-calculator [Status: 200]
🚀 [36mIndexing Pushed:[0m https://krisalaventis.in/krisala-aventis-tathawade-investment-roi [Status: 200]
🚀 [36mIndexing Pushed:[0m https://krisalaventis.in/krisala-aventis-tathawade-lifestyle-it-park-proximity [Status: 200]
🚀 [36mIndexing Pushed:[0m https://krisalaventis.in/krisala-aventis-tathawade-local-area-guide-map [Status: 200]
🚀 [36mIndexing Pushed:[0m https://krisalaventis.in/krisala-aventis-tathawade-local-pune-review-hindi-marathi [Status: 200]
🚀 [36mIndexing Pushed:[0m https://krisalaventis.in/krisala-aventis-tathawade-luxury-specifications-aluform [Status: 200]
🚀 [36mIndexing Pushed:[0m https://krisalaventis.in/krisala-aventis-tathawade-marathi-mahiti [Status: 200]
🚀 [36mIndexing Pushed:[0m https://krisalaventis.in/krisala-aventis-tathawade-market-growth-calculator [Status: 200]
🚀 [36mIndexing Pushed:[0m https://krisalaventis.in/krisala-aventis-tathawade-near-aditya-birla-hospital [Status: 200]
🚀 [36mIndexing Pushed:[0m https://krisalaventis.in/krisala-aventis-tathawade-near-bhujbal-chowk [Status: 200]
🚀 [36mIndexing Pushed:[0m https://krisalaventis.in/krisala-aventis-tathawade-near-jspm-university [Status: 200]
🚀 [36mIndexing Pushed:[0m https://krisalaventis.in/krisala-aventis-tathawade-near-mumbai-pune-expressway [Status: 200]
🚀 [36mIndexing Pushed:[0m https://krisalaventis.in/krisala-aventis-tathawade-near-phoenix-mall-wakad [Status: 200]
🚀 [36mIndexing Pushed:[0m https://krisalaventis.in/krisala-aventis-tathawade-near-shakai-circle [Status: 200]
🚀 [36mIndexing Pushed:[0m https://krisalaventis.in/krisala-aventis-tathawade-nri-investment [Status: 200]
🚀 [36mIndexing Pushed:[0m https://krisalaventis.in/krisala-aventis-tathawade-possession-timeline-2026 [Status: 200]
🚀 [36mIndexing Pushed:[0m https://krisalaventis.in/krisala-aventis-tathawade-price-list [Status: 200]
🚀 [36mIndexing Pushed:[0m https://krisalaventis.in/krisala-aventis-tathawade-privacy-policy [Status: 200]
🚀 [36mIndexing Pushed:[0m https://krisalaventis.in/krisala-aventis-tathawade-public-transport [Status: 200]
🚀 [36mIndexing Pushed:[0m https://krisalaventis.in/krisala-aventis-tathawade-real-estate-glossary [Status: 200]
🚀 [36mIndexing Pushed:[0m https://krisalaventis.in/krisala-aventis-tathawade-site-visit-book [Status: 200]
🚀 [36mIndexing Pushed:[0m https://krisalaventis.in/krisala-aventis-tathawade-smart-study-homes [Status: 200]
🚀 [36mIndexing Pushed:[0m https://krisalaventis.in/krisala-aventis-tathawade-terms-conditions [Status: 200]
🚀 [36mIndexing Pushed:[0m https://krisalaventis.in/krisala-aventis-tathawade-vastu-compliance [Status: 200]
🚀 [36mIndexing Pushed:[0m https://krisalaventis.in/krisala-aventis-vs-godrej-tathawade [Status: 200]
🚀 [36mIndexing Pushed:[0m https://krisalaventis.in/krisala-aventis-vs-kolte-patil-tathawade [Status: 200]
🚀 [36mIndexing Pushed:[0m https://krisalaventis.in/nri-investor-hub [Status: 200]
🚀 [36mIndexing Pushed:[0m https://krisalaventis.in/pcmc-luxury-apartments-tathawade-2026 [Status: 200]
🚀 [36mIndexing Pushed:[0m https://krisalaventis.in/residential-flats-near-hinjewadi-phase-3 [Status: 200]
🚀 [36mIndexing Pushed:[0m https://krisalaventis.in/sitemap-html [Status: 200]
🚀 [36mIndexing Pushed:[0m https://krisalaventis.in/sitemap [Status: 200]
🚀 [36mIndexing Pushed:[0m https://krisalaventis.in/tathawade-real-estate-investment-guide [Status: 200]
🚀 [36mIndexing Pushed:[0m https://krisalaventis.in/tathawade-vs-baner-property-2026 [Status: 200]
🚀 [36mIndexing Pushed:[0m https://krisalaventis.in/wakad-vs-tathawade-property-analysis [Status: 200]
[32m✨ All high-intent URLs pushed to Google Search Console.[0m
>> Running IndexNow Protocol...
✅ IndexNow Protocol Execution SUCCESS.
🚀 Blasted 54 URLs to Bing, Yahoo, DuckDuckGo, and Yandex.
Sovereign Sweep Completed: Sat Aug  8 00:00:56 IST 2026
=====================================================
=====================================================
Sovereign Sweep Initiated: Sun Aug  9 00:00:00 IST 2026
>> Running Google Indexing Protocol...
[32m✅ Authorized with Google Indexing API[0m
🚀 [36mIndexing Pushed:[0m https://krisalaventis.in/best-3-bhk-under-1-5-crore-pune-2026 [Status: 200]
🚀 [36mIndexing Pushed:[0m https://krisalaventis.in/how-to-buy-flat-in-west-pune-guide-2026 [Status: 200]
🚀 [36mIndexing Pushed:[0m https://krisalaventis.in/ [Status: 200]
🚀 [36mIndexing Pushed:[0m https://krisalaventis.in/krisala-aventis-premium-living-review [Status: 200]
🚀 [36mIndexing Pushed:[0m https://krisalaventis.in/krisala-aventis-special-offer [Status: 200]
🚀 [36mIndexing Pushed:[0m https://krisalaventis.in/krisala-aventis-tathawade-2-bhk-flats [Status: 200]
🚀 [36mIndexing Pushed:[0m https://krisalaventis.in/krisala-aventis-tathawade-3-bhk-luxury-apartments [Status: 200]
🚀 [36mIndexing Pushed:[0m https://krisalaventis.in/krisala-aventis-tathawade-aluform-technology [Status: 200]
🚀 [36mIndexing Pushed:[0m https://krisalaventis.in/krisala-aventis-tathawade-amenities-lifestyle [Status: 200]
🚀 [36mIndexing Pushed:[0m https://krisalaventis.in/krisala-aventis-tathawade-brochure-download [Status: 200]
🚀 [36mIndexing Pushed:[0m https://krisalaventis.in/krisala-aventis-tathawade-competitor-comparison [Status: 200]
🚀 [36mIndexing Pushed:[0m https://krisalaventis.in/krisala-aventis-tathawade-connectivity-it-hubs [Status: 200]
🚀 [36mIndexing Pushed:[0m https://krisalaventis.in/krisala-aventis-tathawade-construction-status [Status: 200]
🚀 [36mIndexing Pushed:[0m https://krisalaventis.in/krisala-aventis-tathawade-cost-sheet-estimator [Status: 200]
🚀 [36mIndexing Pushed:[0m https://krisalaventis.in/krisala-aventis-tathawade-customer-reviews-testimonials [Status: 200]
🚀 [36mIndexing Pushed:[0m https://krisalaventis.in/krisala-aventis-tathawade-developer-legacy [Status: 200]
🚀 [36mIndexing Pushed:[0m https://krisalaventis.in/krisala-aventis-tathawade-educational-hubs [Status: 200]
🚀 [36mIndexing Pushed:[0m https://krisalaventis.in/krisala-aventis-tathawade-flats-near-hinjewadi [Status: 200]
🚀 [36mIndexing Pushed:[0m https://krisalaventis.in/krisala-aventis-tathawade-growth-story-roi-2026 [Status: 200]
🚀 [36mIndexing Pushed:[0m https://krisalaventis.in/krisala-aventis-tathawade-hindi-janakari [Status: 200]
🚀 [36mIndexing Pushed:[0m https://krisalaventis.in/krisala-aventis-tathawade-home-loan-emi-calculator [Status: 200]
🚀 [36mIndexing Pushed:[0m https://krisalaventis.in/krisala-aventis-tathawade-investment-roi [Status: 200]
🚀 [36mIndexing Pushed:[0m https://krisalaventis.in/krisala-aventis-tathawade-lifestyle-it-park-proximity [Status: 200]
🚀 [36mIndexing Pushed:[0m https://krisalaventis.in/krisala-aventis-tathawade-local-area-guide-map [Status: 200]
🚀 [36mIndexing Pushed:[0m https://krisalaventis.in/krisala-aventis-tathawade-local-pune-review-hindi-marathi [Status: 200]
🚀 [36mIndexing Pushed:[0m https://krisalaventis.in/krisala-aventis-tathawade-luxury-specifications-aluform [Status: 200]
🚀 [36mIndexing Pushed:[0m https://krisalaventis.in/krisala-aventis-tathawade-marathi-mahiti [Status: 200]
🚀 [36mIndexing Pushed:[0m https://krisalaventis.in/krisala-aventis-tathawade-market-growth-calculator [Status: 200]
🚀 [36mIndexing Pushed:[0m https://krisalaventis.in/krisala-aventis-tathawade-near-aditya-birla-hospital [Status: 200]
🚀 [36mIndexing Pushed:[0m https://krisalaventis.in/krisala-aventis-tathawade-near-bhujbal-chowk [Status: 200]
🚀 [36mIndexing Pushed:[0m https://krisalaventis.in/krisala-aventis-tathawade-near-jspm-university [Status: 200]
🚀 [36mIndexing Pushed:[0m https://krisalaventis.in/krisala-aventis-tathawade-near-mumbai-pune-expressway [Status: 200]
🚀 [36mIndexing Pushed:[0m https://krisalaventis.in/krisala-aventis-tathawade-near-phoenix-mall-wakad [Status: 200]
🚀 [36mIndexing Pushed:[0m https://krisalaventis.in/krisala-aventis-tathawade-near-shakai-circle [Status: 200]
🚀 [36mIndexing Pushed:[0m https://krisalaventis.in/krisala-aventis-tathawade-nri-investment [Status: 200]
🚀 [36mIndexing Pushed:[0m https://krisalaventis.in/krisala-aventis-tathawade-possession-timeline-2026 [Status: 200]
🚀 [36mIndexing Pushed:[0m https://krisalaventis.in/krisala-aventis-tathawade-price-list [Status: 200]
🚀 [36mIndexing Pushed:[0m https://krisalaventis.in/krisala-aventis-tathawade-privacy-policy [Status: 200]
🚀 [36mIndexing Pushed:[0m https://krisalaventis.in/krisala-aventis-tathawade-public-transport [Status: 200]
🚀 [36mIndexing Pushed:[0m https://krisalaventis.in/krisala-aventis-tathawade-real-estate-glossary [Status: 200]
🚀 [36mIndexing Pushed:[0m https://krisalaventis.in/krisala-aventis-tathawade-site-visit-book [Status: 200]
🚀 [36mIndexing Pushed:[0m https://krisalaventis.in/krisala-aventis-tathawade-smart-study-homes [Status: 200]
🚀 [36mIndexing Pushed:[0m https://krisalaventis.in/krisala-aventis-tathawade-terms-conditions [Status: 200]
🚀 [36mIndexing Pushed:[0m https://krisalaventis.in/krisala-aventis-tathawade-vastu-compliance [Status: 200]
🚀 [36mIndexing Pushed:[0m https://krisalaventis.in/krisala-aventis-vs-godrej-tathawade [Status: 200]
🚀 [36mIndexing Pushed:[0m https://krisalaventis.in/krisala-aventis-vs-kolte-patil-tathawade [Status: 200]
🚀 [36mIndexing Pushed:[0m https://krisalaventis.in/nri-investor-hub [Status: 200]
🚀 [36mIndexing Pushed:[0m https://krisalaventis.in/pcmc-luxury-apartments-tathawade-2026 [Status: 200]
🚀 [36mIndexing Pushed:[0m https://krisalaventis.in/residential-flats-near-hinjewadi-phase-3 [Status: 200]
🚀 [36mIndexing Pushed:[0m https://krisalaventis.in/sitemap-html [Status: 200]
🚀 [36mIndexing Pushed:[0m https://krisalaventis.in/sitemap [Status: 200]
🚀 [36mIndexing Pushed:[0m https://krisalaventis.in/tathawade-real-estate-investment-guide [Status: 200]
🚀 [36mIndexing Pushed:[0m https://krisalaventis.in/tathawade-vs-baner-property-2026 [Status: 200]
🚀 [36mIndexing Pushed:[0m https://krisalaventis.in/wakad-vs-tathawade-property-analysis [Status: 200]
[32m✨ All high-intent URLs pushed to Google Search Console.[0m
>> Running IndexNow Protocol...
✅ IndexNow Protocol Execution SUCCESS.
🚀 Blasted 54 URLs to Bing, Yahoo, DuckDuckGo, and Yandex.
Sovereign Sweep Completed: Sun Aug  9 00:00:56 IST 2026
=====================================================
=====================================================
Sovereign Sweep Initiated: Tue Aug 11 00:00:55 IST 2026
>> Running Google Indexing Protocol...
[32m✅ Authorized with Google Indexing API[0m
🚀 [36mIndexing Pushed:[0m https://krisalaventis.in/best-3-bhk-under-1-5-crore-pune-2026 [Status: 200]
🚀 [36mIndexing Pushed:[0m https://krisalaventis.in/how-to-buy-flat-in-west-pune-guide-2026 [Status: 200]
🚀 [36mIndexing Pushed:[0m https://krisalaventis.in/ [Status: 200]
🚀 [36mIndexing Pushed:[0m https://krisalaventis.in/krisala-aventis-premium-living-review [Status: 200]
🚀 [36mIndexing Pushed:[0m https://krisalaventis.in/krisala-aventis-special-offer [Status: 200]
🚀 [36mIndexing Pushed:[0m https://krisalaventis.in/krisala-aventis-tathawade-2-bhk-flats [Status: 200]
🚀 [36mIndexing Pushed:[0m https://krisalaventis.in/krisala-aventis-tathawade-3-bhk-luxury-apartments [Status: 200]
🚀 [36mIndexing Pushed:[0m https://krisalaventis.in/krisala-aventis-tathawade-aluform-technology [Status: 200]
🚀 [36mIndexing Pushed:[0m https://krisalaventis.in/krisala-aventis-tathawade-amenities-lifestyle [Status: 200]
🚀 [36mIndexing Pushed:[0m https://krisalaventis.in/krisala-aventis-tathawade-brochure-download [Status: 200]
🚀 [36mIndexing Pushed:[0m https://krisalaventis.in/krisala-aventis-tathawade-competitor-comparison [Status: 200]
🚀 [36mIndexing Pushed:[0m https://krisalaventis.in/krisala-aventis-tathawade-connectivity-it-hubs [Status: 200]
🚀 [36mIndexing Pushed:[0m https://krisalaventis.in/krisala-aventis-tathawade-construction-status [Status: 200]
🚀 [36mIndexing Pushed:[0m https://krisalaventis.in/krisala-aventis-tathawade-cost-sheet-estimator [Status: 200]
🚀 [36mIndexing Pushed:[0m https://krisalaventis.in/krisala-aventis-tathawade-customer-reviews-testimonials [Status: 200]
🚀 [36mIndexing Pushed:[0m https://krisalaventis.in/krisala-aventis-tathawade-developer-legacy [Status: 200]
🚀 [36mIndexing Pushed:[0m https://krisalaventis.in/krisala-aventis-tathawade-educational-hubs [Status: 200]
🚀 [36mIndexing Pushed:[0m https://krisalaventis.in/krisala-aventis-tathawade-flats-near-hinjewadi [Status: 200]
🚀 [36mIndexing Pushed:[0m https://krisalaventis.in/krisala-aventis-tathawade-growth-story-roi-2026 [Status: 200]
🚀 [36mIndexing Pushed:[0m https://krisalaventis.in/krisala-aventis-tathawade-hindi-janakari [Status: 200]
🚀 [36mIndexing Pushed:[0m https://krisalaventis.in/krisala-aventis-tathawade-home-loan-emi-calculator [Status: 200]
🚀 [36mIndexing Pushed:[0m https://krisalaventis.in/krisala-aventis-tathawade-investment-roi [Status: 200]
🚀 [36mIndexing Pushed:[0m https://krisalaventis.in/krisala-aventis-tathawade-lifestyle-it-park-proximity [Status: 200]
🚀 [36mIndexing Pushed:[0m https://krisalaventis.in/krisala-aventis-tathawade-local-area-guide-map [Status: 200]
🚀 [36mIndexing Pushed:[0m https://krisalaventis.in/krisala-aventis-tathawade-local-pune-review-hindi-marathi [Status: 200]
🚀 [36mIndexing Pushed:[0m https://krisalaventis.in/krisala-aventis-tathawade-luxury-specifications-aluform [Status: 200]
🚀 [36mIndexing Pushed:[0m https://krisalaventis.in/krisala-aventis-tathawade-marathi-mahiti [Status: 200]
🚀 [36mIndexing Pushed:[0m https://krisalaventis.in/krisala-aventis-tathawade-market-growth-calculator [Status: 200]
🚀 [36mIndexing Pushed:[0m https://krisalaventis.in/krisala-aventis-tathawade-near-aditya-birla-hospital [Status: 200]
🚀 [36mIndexing Pushed:[0m https://krisalaventis.in/krisala-aventis-tathawade-near-bhujbal-chowk [Status: 200]
🚀 [36mIndexing Pushed:[0m https://krisalaventis.in/krisala-aventis-tathawade-near-jspm-university [Status: 200]
🚀 [36mIndexing Pushed:[0m https://krisalaventis.in/krisala-aventis-tathawade-near-mumbai-pune-expressway [Status: 200]
🚀 [36mIndexing Pushed:[0m https://krisalaventis.in/krisala-aventis-tathawade-near-phoenix-mall-wakad [Status: 200]
🚀 [36mIndexing Pushed:[0m https://krisalaventis.in/krisala-aventis-tathawade-near-shakai-circle [Status: 200]
🚀 [36mIndexing Pushed:[0m https://krisalaventis.in/krisala-aventis-tathawade-nri-investment [Status: 200]
🚀 [36mIndexing Pushed:[0m https://krisalaventis.in/krisala-aventis-tathawade-possession-timeline-2026 [Status: 200]
🚀 [36mIndexing Pushed:[0m https://krisalaventis.in/krisala-aventis-tathawade-price-list [Status: 200]
🚀 [36mIndexing Pushed:[0m https://krisalaventis.in/krisala-aventis-tathawade-privacy-policy [Status: 200]
🚀 [36mIndexing Pushed:[0m https://krisalaventis.in/krisala-aventis-tathawade-public-transport [Status: 200]
🚀 [36mIndexing Pushed:[0m https://krisalaventis.in/krisala-aventis-tathawade-real-estate-glossary [Status: 200]
🚀 [36mIndexing Pushed:[0m https://krisalaventis.in/krisala-aventis-tathawade-site-visit-book [Status: 200]
🚀 [36mIndexing Pushed:[0m https://krisalaventis.in/krisala-aventis-tathawade-smart-study-homes [Status: 200]
🚀 [36mIndexing Pushed:[0m https://krisalaventis.in/krisala-aventis-tathawade-terms-conditions [Status: 200]
🚀 [36mIndexing Pushed:[0m https://krisalaventis.in/krisala-aventis-tathawade-vastu-compliance [Status: 200]
🚀 [36mIndexing Pushed:[0m https://krisalaventis.in/krisala-aventis-vs-godrej-tathawade [Status: 200]
🚀 [36mIndexing Pushed:[0m https://krisalaventis.in/krisala-aventis-vs-kolte-patil-tathawade [Status: 200]
🚀 [36mIndexing Pushed:[0m https://krisalaventis.in/nri-investor-hub [Status: 200]
🚀 [36mIndexing Pushed:[0m https://krisalaventis.in/pcmc-luxury-apartments-tathawade-2026 [Status: 200]
🚀 [36mIndexing Pushed:[0m https://krisalaventis.in/residential-flats-near-hinjewadi-phase-3 [Status: 200]
🚀 [36mIndexing Pushed:[0m https://krisalaventis.in/serp-preview [Status: 200]
🚀 [36mIndexing Pushed:[0m https://krisalaventis.in/sitemap-html [Status: 200]
🚀 [36mIndexing Pushed:[0m https://krisalaventis.in/sitemap [Status: 200]
🚀 [36mIndexing Pushed:[0m https://krisalaventis.in/tathawade-real-estate-investment-guide [Status: 200]
🚀 [36mIndexing Pushed:[0m https://krisalaventis.in/tathawade-vs-baner-property-2026 [Status: 200]
🚀 [36mIndexing Pushed:[0m https://krisalaventis.in/wakad-vs-tathawade-property-analysis [Status: 200]
[32m✨ All high-intent URLs pushed to Google Search Console.[0m
>> Running IndexNow Protocol...
✅ IndexNow Protocol Execution SUCCESS.
🚀 Blasted 55 URLs to Bing, Yahoo, DuckDuckGo, and Yandex.
Sovereign Sweep Completed: Tue Aug 11 00:02:01 IST 2026
=====================================================
=====================================================
Sovereign Sweep Initiated: Wed Aug 12 00:00:00 IST 2026
>> Running Google Indexing Protocol...
[32m✅ Authorized with Google Indexing API[0m
🚀 [36mIndexing Pushed:[0m https://krisalaventis.in/best-3-bhk-under-1-5-crore-pune-2026 [Status: 200]
🚀 [36mIndexing Pushed:[0m https://krisalaventis.in/how-to-buy-flat-in-west-pune-guide-2026 [Status: 200]
🚀 [36mIndexing Pushed:[0m https://krisalaventis.in/ [Status: 200]
🚀 [36mIndexing Pushed:[0m https://krisalaventis.in/krisala-aventis-premium-living-review [Status: 200]
🚀 [36mIndexing Pushed:[0m https://krisalaventis.in/krisala-aventis-special-offer [Status: 200]
🚀 [36mIndexing Pushed:[0m https://krisalaventis.in/krisala-aventis-tathawade-2-bhk-flats [Status: 200]
🚀 [36mIndexing Pushed:[0m https://krisalaventis.in/krisala-aventis-tathawade-3-bhk-luxury-apartments [Status: 200]
🚀 [36mIndexing Pushed:[0m https://krisalaventis.in/krisala-aventis-tathawade-aluform-technology [Status: 200]
🚀 [36mIndexing Pushed:[0m https://krisalaventis.in/krisala-aventis-tathawade-amenities-lifestyle [Status: 200]
🚀 [36mIndexing Pushed:[0m https://krisalaventis.in/krisala-aventis-tathawade-brochure-download [Status: 200]
🚀 [36mIndexing Pushed:[0m https://krisalaventis.in/krisala-aventis-tathawade-competitor-comparison [Status: 200]
🚀 [36mIndexing Pushed:[0m https://krisalaventis.in/krisala-aventis-tathawade-connectivity-it-hubs [Status: 200]
🚀 [36mIndexing Pushed:[0m https://krisalaventis.in/krisala-aventis-tathawade-construction-status [Status: 200]
🚀 [36mIndexing Pushed:[0m https://krisalaventis.in/krisala-aventis-tathawade-cost-sheet-estimator [Status: 200]
🚀 [36mIndexing Pushed:[0m https://krisalaventis.in/krisala-aventis-tathawade-customer-reviews-testimonials [Status: 200]
🚀 [36mIndexing Pushed:[0m https://krisalaventis.in/krisala-aventis-tathawade-developer-legacy [Status: 200]
🚀 [36mIndexing Pushed:[0m https://krisalaventis.in/krisala-aventis-tathawade-educational-hubs [Status: 200]
🚀 [36mIndexing Pushed:[0m https://krisalaventis.in/krisala-aventis-tathawade-flats-near-hinjewadi [Status: 200]
🚀 [36mIndexing Pushed:[0m https://krisalaventis.in/krisala-aventis-tathawade-growth-story-roi-2026 [Status: 200]
🚀 [36mIndexing Pushed:[0m https://krisalaventis.in/krisala-aventis-tathawade-hindi-janakari [Status: 200]
🚀 [36mIndexing Pushed:[0m https://krisalaventis.in/krisala-aventis-tathawade-home-loan-emi-calculator [Status: 200]
🚀 [36mIndexing Pushed:[0m https://krisalaventis.in/krisala-aventis-tathawade-investment-roi [Status: 200]
🚀 [36mIndexing Pushed:[0m https://krisalaventis.in/krisala-aventis-tathawade-lifestyle-it-park-proximity [Status: 200]
🚀 [36mIndexing Pushed:[0m https://krisalaventis.in/krisala-aventis-tathawade-local-area-guide-map [Status: 200]
🚀 [36mIndexing Pushed:[0m https://krisalaventis.in/krisala-aventis-tathawade-local-pune-review-hindi-marathi [Status: 200]
🚀 [36mIndexing Pushed:[0m https://krisalaventis.in/krisala-aventis-tathawade-luxury-specifications-aluform [Status: 200]
🚀 [36mIndexing Pushed:[0m https://krisalaventis.in/krisala-aventis-tathawade-marathi-mahiti [Status: 200]
🚀 [36mIndexing Pushed:[0m https://krisalaventis.in/krisala-aventis-tathawade-market-growth-calculator [Status: 200]
🚀 [36mIndexing Pushed:[0m https://krisalaventis.in/krisala-aventis-tathawade-near-aditya-birla-hospital [Status: 200]
🚀 [36mIndexing Pushed:[0m https://krisalaventis.in/krisala-aventis-tathawade-near-bhujbal-chowk [Status: 200]
🚀 [36mIndexing Pushed:[0m https://krisalaventis.in/krisala-aventis-tathawade-near-jspm-university [Status: 200]
🚀 [36mIndexing Pushed:[0m https://krisalaventis.in/krisala-aventis-tathawade-near-mumbai-pune-expressway [Status: 200]
🚀 [36mIndexing Pushed:[0m https://krisalaventis.in/krisala-aventis-tathawade-near-phoenix-mall-wakad [Status: 200]
🚀 [36mIndexing Pushed:[0m https://krisalaventis.in/krisala-aventis-tathawade-near-shakai-circle [Status: 200]
🚀 [36mIndexing Pushed:[0m https://krisalaventis.in/krisala-aventis-tathawade-nri-investment [Status: 200]
🚀 [36mIndexing Pushed:[0m https://krisalaventis.in/krisala-aventis-tathawade-possession-timeline-2026 [Status: 200]
🚀 [36mIndexing Pushed:[0m https://krisalaventis.in/krisala-aventis-tathawade-price-list [Status: 200]
🚀 [36mIndexing Pushed:[0m https://krisalaventis.in/krisala-aventis-tathawade-privacy-policy [Status: 200]
🚀 [36mIndexing Pushed:[0m https://krisalaventis.in/krisala-aventis-tathawade-public-transport [Status: 200]
🚀 [36mIndexing Pushed:[0m https://krisalaventis.in/krisala-aventis-tathawade-real-estate-glossary [Status: 200]
🚀 [36mIndexing Pushed:[0m https://krisalaventis.in/krisala-aventis-tathawade-site-visit-book [Status: 200]
🚀 [36mIndexing Pushed:[0m https://krisalaventis.in/krisala-aventis-tathawade-smart-study-homes [Status: 200]
🚀 [36mIndexing Pushed:[0m https://krisalaventis.in/krisala-aventis-tathawade-terms-conditions [Status: 200]
🚀 [36mIndexing Pushed:[0m https://krisalaventis.in/krisala-aventis-tathawade-vastu-compliance [Status: 200]
🚀 [36mIndexing Pushed:[0m https://krisalaventis.in/krisala-aventis-vs-godrej-tathawade [Status: 200]
🚀 [36mIndexing Pushed:[0m https://krisalaventis.in/krisala-aventis-vs-kolte-patil-tathawade [Status: 200]
🚀 [36mIndexing Pushed:[0m https://krisalaventis.in/nri-investor-hub [Status: 200]
🚀 [36mIndexing Pushed:[0m https://krisalaventis.in/pcmc-luxury-apartments-tathawade-2026 [Status: 200]
🚀 [36mIndexing Pushed:[0m https://krisalaventis.in/residential-flats-near-hinjewadi-phase-3 [Status: 200]
🚀 [36mIndexing Pushed:[0m https://krisalaventis.in/serp-preview [Status: 200]
🚀 [36mIndexing Pushed:[0m https://krisalaventis.in/sitemap-html [Status: 200]
🚀 [36mIndexing Pushed:[0m https://krisalaventis.in/sitemap [Status: 200]
🚀 [36mIndexing Pushed:[0m https://krisalaventis.in/tathawade-real-estate-investment-guide [Status: 200]
🚀 [36mIndexing Pushed:[0m https://krisalaventis.in/tathawade-vs-baner-property-2026 [Status: 200]
🚀 [36mIndexing Pushed:[0m https://krisalaventis.in/wakad-vs-tathawade-property-analysis [Status: 200]
[32m✨ All high-intent URLs pushed to Google Search Console.[0m
>> Running IndexNow Protocol...
✅ IndexNow Protocol Execution SUCCESS.
🚀 Blasted 55 URLs to Bing, Yahoo, DuckDuckGo, and Yandex.
Sovereign Sweep Completed: Wed Aug 12 00:00:54 IST 2026
=====================================================
=====================================================
Sovereign Sweep Initiated: Thu Aug 13 00:00:01 IST 2026
>> Running Google Indexing Protocol...
[31m⚠️ Fatal API Error:[0m invalid_grant: Invalid JWT Signature.
>> Running IndexNow Protocol...
✅ IndexNow Protocol Execution SUCCESS.
🚀 Blasted 0 URLs to Bing, Yahoo, DuckDuckGo, and Yandex.
Sovereign Sweep Completed: Thu Aug 13 00:00:04 IST 2026
=====================================================
=====================================================
Sovereign Sweep Initiated: Fri Aug 14 00:00:00 IST 2026
>> Running Google Indexing Protocol...
[31m⚠️ Fatal API Error:[0m invalid_grant: Invalid JWT Signature.
>> Running IndexNow Protocol...
✅ IndexNow Protocol Execution SUCCESS.
🚀 Blasted 0 URLs to Bing, Yahoo, DuckDuckGo, and Yandex.
Sovereign Sweep Completed: Fri Aug 14 00:00:04 IST 2026
=====================================================
=====================================================
Sovereign Sweep Initiated: Sun Aug 16 00:00:00 IST 2026
>> Running Google Indexing Protocol...
[31m⚠️ Fatal API Error:[0m invalid_grant: Invalid JWT Signature.
>> Running IndexNow Protocol...
✅ IndexNow Protocol Execution SUCCESS.
🚀 Blasted 0 URLs to Bing, Yahoo, DuckDuckGo, and Yandex.
Sovereign Sweep Completed: Sun Aug 16 00:00:03 IST 2026
=====================================================
=====================================================
Sovereign Sweep Initiated: Mon Aug 17 00:00:00 IST 2026
>> Running Google Indexing Protocol...
[31m⚠️ Fatal API Error:[0m invalid_grant: Invalid JWT Signature.
>> Running IndexNow Protocol...
✅ IndexNow Protocol Execution SUCCESS.
🚀 Blasted 0 URLs to Bing, Yahoo, DuckDuckGo, and Yandex.
Sovereign Sweep Completed: Mon Aug 17 00:00:05 IST 2026
=====================================================
=====================================================
Sovereign Sweep Initiated: Thu Aug 20 00:00:00 IST 2026
>> Running Google Indexing Protocol...
[31m⚠️ Fatal API Error:[0m invalid_grant: Invalid JWT Signature.
>> Running IndexNow Protocol...
✅ IndexNow Protocol Execution SUCCESS.
🚀 Blasted 0 URLs to Bing, Yahoo, DuckDuckGo, and Yandex.
Sovereign Sweep Completed: Thu Aug 20 00:00:10 IST 2026
=====================================================
=====================================================
Sovereign Sweep Initiated: Fri Aug 21 00:00:00 IST 2026
>> Running Google Indexing Protocol...
[31m⚠️ Fatal API Error:[0m invalid_grant: Invalid JWT Signature.
>> Running IndexNow Protocol...
✅ IndexNow Protocol Execution SUCCESS.
🚀 Blasted 0 URLs to Bing, Yahoo, DuckDuckGo, and Yandex.
Sovereign Sweep Completed: Fri Aug 21 00:00:04 IST 2026
=====================================================
=====================================================
Sovereign Sweep Initiated: Sat Aug 22 00:00:01 IST 2026
>> Running Google Indexing Protocol...
[31m⚠️ Fatal API Error:[0m invalid_grant: Invalid JWT Signature.
>> Running IndexNow Protocol...
✅ IndexNow Protocol Execution SUCCESS.
🚀 Blasted 0 URLs to Bing, Yahoo, DuckDuckGo, and Yandex.
Sovereign Sweep Completed: Sat Aug 22 00:00:09 IST 2026
=====================================================
=====================================================
Sovereign Sweep Initiated: Sun Aug 23 00:00:00 IST 2026
>> Running Google Indexing Protocol...
[31m⚠️ Fatal API Error:[0m invalid_grant: Invalid JWT Signature.
>> Running IndexNow Protocol...
✅ IndexNow Protocol Execution SUCCESS.
🚀 Blasted 0 URLs to Bing, Yahoo, DuckDuckGo, and Yandex.
Sovereign Sweep Completed: Sun Aug 23 00:00:05 IST 2026
=====================================================
=====================================================
Sovereign Sweep Initiated: Mon Aug 24 00:00:00 IST 2026
>> Running Google Indexing Protocol...
[31m⚠️ Fatal API Error:[0m invalid_grant: Invalid JWT Signature.
>> Running IndexNow Protocol...
✅ IndexNow Protocol Execution SUCCESS.
🚀 Blasted 0 URLs to Bing, Yahoo, DuckDuckGo, and Yandex.
Sovereign Sweep Completed: Mon Aug 24 00:00:05 IST 2026
=====================================================
=====================================================
Sovereign Sweep Initiated: Tue Aug 25 00:00:00 IST 2026
>> Running Google Indexing Protocol...
[31m⚠️ Fatal API Error:[0m invalid_grant: Invalid JWT Signature.
>> Running IndexNow Protocol...
✅ IndexNow Protocol Execution SUCCESS.
🚀 Blasted 0 URLs to Bing, Yahoo, DuckDuckGo, and Yandex.
Sovereign Sweep Completed: Tue Aug 25 00:00:07 IST 2026
=====================================================
=====================================================
Sovereign Sweep Initiated: Thu Aug 27 00:00:00 IST 2026
>> Running Google Indexing Protocol...

🚀 [1mKrisala Aventis Sovereign Indexing Engine[0m
Total catalog URLs detected: [36m6729[0m
Resuming from URL index: [33m0[0m
[31m❌ Authentication Error:[0m invalid_grant: Invalid JWT Signature.
[33m💡 Please check indexing-automation/service-account.json or set GCP_SA_KEY.[0m

>> Running IndexNow Protocol...
✅ IndexNow Protocol Execution SUCCESS.
🚀 Blasted 0 URLs to Bing, Yahoo, DuckDuckGo, and Yandex.
Sovereign Sweep Completed: Thu Aug 27 00:00:05 IST 2026
=====================================================
=====================================================
Sovereign Sweep Initiated: Fri Aug 28 00:00:00 IST 2026
>> Running Google Indexing Protocol...

🚀 [1mKrisala Aventis Sovereign Indexing Engine[0m
Total catalog URLs detected: [36m6729[0m
Resuming from URL index: [33m0[0m
[31m❌ Authentication Error:[0m invalid_grant: Invalid JWT Signature.
[33m💡 Please check indexing-automation/service-account.json or set GCP_SA_KEY.[0m

>> Running IndexNow Protocol...
✅ IndexNow Protocol Execution SUCCESS.
🚀 Blasted 0 URLs to Bing, Yahoo, DuckDuckGo, and Yandex.
Sovereign Sweep Completed: Fri Aug 28 00:00:04 IST 2026
=====================================================
=====================================================
Sovereign Sweep Initiated: Sat Aug 29 00:00:01 IST 2026
>> Running Google Indexing Protocol...

🚀 [1mKrisala Aventis Sovereign Indexing Engine[0m
Total catalog URLs detected: [36m6729[0m
Resuming from URL index: [33m0[0m
[31m❌ Authentication Error:[0m invalid_grant: Invalid JWT Signature.
[33m💡 Please check indexing-automation/service-account.json or set GCP_SA_KEY.[0m

>> Running IndexNow Protocol...
✅ IndexNow Protocol Execution SUCCESS.
🚀 Blasted 0 URLs to Bing, Yahoo, DuckDuckGo, and Yandex.
Sovereign Sweep Completed: Sat Aug 29 00:00:05 IST 2026
=====================================================
=====================================================
Sovereign Sweep Initiated: Sun Aug 30 00:00:01 IST 2026
>> Running Google Indexing Protocol...

🚀 [1mKrisala Aventis Sovereign Indexing Engine[0m
Total catalog URLs detected: [36m6729[0m
Resuming from URL index: [33m0[0m
[31m❌ Authentication Error:[0m invalid_grant: Invalid JWT Signature.
[33m💡 Please check indexing-automation/service-account.json or set GCP_SA_KEY.[0m

>> Running IndexNow Protocol...
✅ IndexNow Protocol Execution SUCCESS.
🚀 Blasted 0 URLs to Bing, Yahoo, DuckDuckGo, and Yandex.
Sovereign Sweep Completed: Sun Aug 30 00:00:05 IST 2026
=====================================================
=====================================================
Sovereign Sweep Initiated: Wed Sep  2 00:00:01 IST 2026
>> Running Google Indexing Protocol...

🚀 [1mKrisala Aventis Sovereign Indexing Engine[0m
Total catalog URLs detected: [36m6729[0m
Resuming from URL index: [33m0[0m
[31m❌ Authentication Error:[0m invalid_grant: Invalid JWT Signature.
[33m💡 Please check indexing-automation/service-account.json or set GCP_SA_KEY.[0m

>> Running IndexNow Protocol...
✅ IndexNow Protocol Execution SUCCESS.
🚀 Blasted 0 URLs to Bing, Yahoo, DuckDuckGo, and Yandex.
Sovereign Sweep Completed: Wed Sep  2 00:00:06 IST 2026
=====================================================
=====================================================
Sovereign Sweep Initiated: Thu Sep  3 00:01:22 IST 2026
>> Running Google Indexing Protocol...

🚀 [1mKrisala Aventis Sovereign Indexing Engine[0m
Total catalog URLs detected: [36m6729[0m
Resuming from URL index: [33m0[0m
[31m❌ Authentication Error:[0m invalid_grant: Invalid JWT Signature.
[33m💡 Please check indexing-automation/service-account.json or set GCP_SA_KEY.[0m

>> Running IndexNow Protocol...
✅ IndexNow Protocol Execution SUCCESS.
🚀 Blasted 0 URLs to Bing, Yahoo, DuckDuckGo, and Yandex.
Sovereign Sweep Completed: Thu Sep  3 00:01:27 IST 2026
=====================================================
